Z,Yc,h,omegaYc,T,N2,AR,HE,H,O2,OH,O,H2,H2O,HO2,CO,CO2,HCO,CH3,CH4,CH2O,T-CH2,S-CH2,C2H4,CH3O,C2H5,C2H6,H2O2,C2H2,C2H3,CH2CHO,CH2CO,CH2OH,CH3CHO,CH3CO,C2H5OH,CH2CH2OH,CH3CHOH,CH3CH2O
-0,0,1893.98,0,300,0.75425,0.01378,0,0,0.23197,0,0,0,0,0,0,0,0,0,0,0,0,0,0,0,0,0,0,0,0,0,0,0,0,0,0,0,0,0
8.7e-05,0,1449.38,0.0169732,301.182,0.75412,0.0137776,0,1.1057e-08,0.231785,2.61243e-07,1.41895e-07,1.98071e-07,8.83697e-05,2.6318e-07,2.3071e-05,0.000108845,1.30646e-09,2.84742e-08,1.56109e-07,5.129e-07,9.70384e-10,1.45701e-11,9.29891e-07,5.49336e-09,2.43695e-08,6.9466e-08,1.32287e-07,1.25863e-07,3.14959e-09,4.55146e-09,1.03007e-07,1.03676e-09,1.16251e-06,0,9.29174e-05,3.36829e-08,1.46527e-09,1.97314e-09
0.000173,0,1007.68,0.0333001,302.311,0.753996,0.0137754,0,2.1714e-08,0.231609,5.12814e-07,2.78481e-07,3.87369e-07,0.000172704,5.14067e-07,4.50891e-05,0.000212729,2.56304e-09,5.57386e-08,3.04902e-07,1.00122e-06,1.90907e-09,2.8684e-11,1.81598e-06,1.0706e-08,4.75676e-08,1.35562e-07,2.58074e-07,2.46542e-07,6.19076e-09,8.88848e-09,2.01245e-07,2.03827e-09,2.26968e-06,0,0.000180596,6.56771e-08,2.87948e-09,3.85128e-09
0.000259,0,568.765,0.0492243,303.403,0.753877,0.0137732,0,3.21284e-08,0.231439,7.58447e-07,4.11788e-07,5.70805e-07,0.000254308,7.56561e-07,6.63947e-05,0.000313257,3.78848e-09,8.22084e-08,4.48695e-07,1.47259e-06,2.82975e-09,4.25464e-11,2.67207e-06,1.57207e-08,6.99576e-08,1.99326e-07,3.79342e-07,3.63867e-07,9.16815e-09,1.30786e-08,2.96237e-07,3.01923e-09,3.33883e-06,0,0.000264472,9.64887e-08,4.26344e-09,5.66383e-09
0.000344,0,132.496,0.0646075,304.449,0.753764,0.0137711,0,4.22087e-08,0.231276,9.95993e-07,5.40653e-07,7.46869e-07,0.000332517,9.88704e-07,8.68146e-05,0.00040961,4.97217e-09,1.07662e-07,5.86328e-07,1.92325e-06,3.72412e-09,5.60316e-11,3.49129e-06,2.04987e-08,9.13608e-08,2.60251e-07,4.95134e-07,4.76847e-07,1.20553e-08,1.70881e-08,3.87216e-07,3.97089e-09,4.36138e-06,0,0.000343937,1.25877e-07,5.6049e-09,7.39637e-09
0.000429,0,-301.224,0.0796726,305.465,0.753654,0.0137691,0,5.20999e-08,0.231118,1.22888e-06,6.66938e-07,9.18186e-07,0.000408505,1.214e-06,0.000106655,0.000503235,6.13124e-09,1.32476e-07,7.1988e-07,2.36005e-06,4.60489e-09,6.93298e-11,4.28601e-06,2.51138e-08,1.12102e-07,3.19265e-07,6.07218e-07,5.87146e-07,1.48935e-08,2.09776e-08,4.7555e-07,4.90681e-09,5.35282e-06,0,0.00042025,1.54293e-07,6.92303e-09,9.07523e-09
0.000513,0,-732.547,0.0942793,306.443,0.75355,0.0137672,0,6.17086e-08,0.230967,1.45492e-06,7.89462e-07,1.08323e-06,0.000481602,1.43046e-06,0.000125741,0.000593305,7.25491e-09,1.56425e-07,8.48184e-07,2.77919e-06,5.46357e-09,8.23124e-11,5.04931e-06,2.9527e-08,1.32002e-07,3.75858e-07,7.14632e-07,6.93761e-07,1.76556e-08,2.47131e-08,5.60463e-07,5.81806e-09,6.30455e-06,0,0.000492804,1.81495e-07,8.20533e-09,1.06859e-08
0.000597,0,-1161.56,0.108635,307.396,0.753449,0.0137654,0,7.11701e-08,0.230819,1.67731e-06,9.09956e-07,1.24441e-06,0.000552879,1.6413e-06,0.000144353,0.00068114,8.35911e-09,1.79856e-07,9.7313e-07,3.18689e-06,6.31211e-09,9.5159e-11,5.79245e-06,3.38047e-08,1.51356e-07,4.30871e-07,8.18976e-07,7.98225e-07,2.03804e-08,2.83497e-08,6.43205e-07,6.71738e-09,7.23062e-06,0,0.000562722,2.07891e-07,9.46977e-09,1.22523e-08
0.00068,0,-1588.4,0.122597,308.315,0.753351,0.0137636,0,8.03902e-08,0.230676,1.89384e-06,1.02723e-06,1.4002e-06,0.000621667,1.84452e-06,0.000162315,0.000765914,9.43296e-09,2.02545e-07,1.09355e-06,3.57938e-06,7.14191e-09,1.07739e-10,6.50851e-06,3.79083e-08,1.69984e-07,4.83798e-07,9.19294e-07,8.99529e-07,2.30404e-08,3.18536e-08,7.23001e-07,7.5957e-09,8.12247e-06,0,0.000629404,2.3324e-07,1.07037e-08,1.37599e-08
0.000763,0,-2013.17,0.136361,309.215,0.753257,0.0137618,0,8.94964e-08,0.230537,2.10752e-06,1.14291e-06,1.55282e-06,0.000688955,2.04309e-06,0.000179885,0.000848848,1.04914e-08,2.24812e-07,1.2112e-06,3.96235e-06,7.96434e-09,1.20223e-10,7.20786e-06,4.18984e-08,1.88158e-07,5.35409e-07,1.01705e-06,9.99105e-07,2.56724e-08,3.52755e-08,8.01002e-07,8.46512e-09,8.99302e-06,0,0.000693861,2.57914e-07,1.19241e-08,1.52306e-08
0.000845,0,-2436,0.149785,310.085,0.753166,0.0137602,0,9.8394e-08,0.230403,2.31613e-06,1.2558e-06,1.70075e-06,0.000754078,2.23502e-06,0.000196891,0.000929118,1.15236e-08,2.46434e-07,1.32491e-06,4.33207e-06,8.77068e-09,1.32479e-10,7.88364e-06,4.57369e-08,2.05701e-07,5.85203e-07,1.1113e-06,1.09594e-06,2.82487e-08,3.85818e-08,8.76439e-07,9.31647e-09,9.83376e-06,0,0.000755504,2.81676e-07,1.31182e-08,1.66503e-08
0.000927,0,-2856.98,0.163053,310.939,0.753077,0.0137586,0,1.07205e-07,0.230271,2.52253e-06,1.36745e-06,1.84609e-06,0.000817959,2.42308e-06,0.000213573,0.00100786,1.25437e-08,2.67713e-07,1.4363e-06,4.69384e-06,9.57187e-09,1.44673e-10,8.5455e-06,4.94796e-08,2.22863e-07,6.33896e-07,1.20341e-06,1.19139e-06,3.08043e-08,4.18197e-08,9.50385e-07,1.01614e-08,1.06567e-05,0,0.000815254,3.04871e-07,1.43023e-08,1.80391e-08
0.001008,0,-3276.24,0.176023,311.768,0.752992,0.013757,0,1.15833e-07,0.230143,2.7245e-06,1.47666e-06,1.98731e-06,0.000879938,2.6053e-06,0.000229759,0.00108427,1.35407e-08,2.88425e-07,1.54424e-06,5.04395e-06,1.03591e-08,1.5667e-10,9.18665e-06,5.30891e-08,2.39469e-07,6.8099e-07,1.29243e-06,1.28445e-06,3.33114e-08,4.49559e-08,1.02208e-06,1.09905e-08,1.14535e-05,0,0.000872538,3.27263e-07,1.54634e-08,1.9383e-08
0.00109,0,-3693.87,0.189031,312.592,0.752907,0.0137555,0,1.24502e-07,0.230016,2.92725e-06,1.58624e-06,2.12809e-06,0.000941631,2.78647e-06,0.000245871,0.00116033,1.45405e-08,3.09108e-07,1.65153e-06,5.39159e-06,1.11527e-08,1.68778e-10,9.82384e-06,5.66602e-08,2.55955e-07,7.27721e-07,1.3807e-06,1.37752e-06,3.58347e-08,4.80725e-08,1.09339e-06,1.18254e-08,1.22449e-05,0,0.000928878,3.49443e-07,1.66317e-08,2.07171e-08
0.001171,0,-4109.98,0.201772,313.393,0.752826,0.013754,0,1.33009e-07,0.229893,3.12605e-06,1.69365e-06,2.26518e-06,0.00100161,2.9624e-06,0.000261536,0.00123429,1.55197e-08,3.29283e-07,1.75572e-06,5.72874e-06,1.1934e-08,1.80714e-10,1.04424e-05,6.01113e-08,2.71941e-07,7.73014e-07,1.4662e-06,1.46845e-06,3.83151e-08,5.10976e-08,1.16267e-06,1.26463e-08,1.30127e-05,0,0.000983,3.70901e-07,1.77796e-08,2.20107e-08
0.001251,0,-4524.68,0.214263,314.173,0.752747,0.0137525,0,1.41363e-07,0.229773,3.32114e-06,1.79901e-06,2.39881e-06,0.00105999,3.13342e-06,0.000276784,0.00130628,1.64795e-08,3.48982e-07,1.85698e-06,6.05606e-06,1.27038e-08,1.92488e-10,1.10435e-05,6.34501e-08,2.87458e-07,8.16959e-07,1.5491e-06,1.55738e-06,4.07553e-08,5.40369e-08,1.23006e-06,1.34543e-08,1.37584e-05,0,0.00103505,3.91682e-07,1.89086e-08,2.32665e-08
0.001331,0,-4938.08,0.226673,314.942,0.752669,0.0137511,0,1.49678e-07,0.229655,3.51515e-06,1.90376e-06,2.53083e-06,0.00111758,3.30191e-06,0.000291824,0.0013773,1.74331e-08,3.68473e-07,1.95675e-06,6.37814e-06,1.34723e-08,2.04258e-10,1.16355e-05,6.67238e-08,3.02724e-07,8.60173e-07,1.63056e-06,1.64551e-06,4.3188e-08,5.69314e-08,1.29648e-06,1.42601e-08,1.44924e-05,0,0.00108579,4.12081e-07,2.00337e-08,2.45019e-08
0.001411,0,-5350.28,0.239014,315.702,0.752593,0.0137497,0,1.57959e-07,0.229538,3.70825e-06,2.00796e-06,2.66136e-06,0.00117444,3.46804e-06,0.000306674,0.00144742,1.83811e-08,3.87777e-07,2.05511e-06,6.69533e-06,1.42403e-08,2.16032e-10,1.22191e-05,6.99365e-08,3.17755e-07,9.02705e-07,1.71069e-06,1.73294e-06,4.56151e-08,5.97843e-08,1.36201e-06,1.50643e-08,1.52156e-05,0,0.00113528,4.32121e-07,2.11558e-08,2.57185e-08
0.001491,0,-5761.39,0.251293,316.452,0.752518,0.0137483,0,1.66215e-07,0.229423,3.90058e-06,2.11172e-06,2.79053e-06,0.00123061,3.632e-06,0.000321348,0.00151671,1.93244e-08,4.0691e-07,2.15218e-06,7.00797e-06,1.50081e-08,2.27818e-10,1.27949e-05,7.30919e-08,3.32568e-07,9.446e-07,1.78956e-06,1.81973e-06,4.80385e-08,6.25984e-08,1.42672e-06,1.58676e-08,1.59286e-05,0,0.00118361,4.51825e-07,2.22759e-08,2.69174e-08
0.001571,0,-6171.5,0.263522,317.194,0.752445,0.013747,0,1.74449e-07,0.22931,4.09228e-06,2.21509e-06,2.91847e-06,0.00128617,3.79393e-06,0.000335859,0.00158523,2.02636e-08,4.25889e-07,2.24804e-06,7.31635e-06,1.57764e-08,2.39625e-10,1.33633e-05,7.61934e-08,3.47177e-07,9.859e-07,1.86725e-06,1.90596e-06,5.04599e-08,6.53765e-08,1.49066e-06,1.66705e-08,1.66322e-05,0,0.00123083,4.71214e-07,2.33946e-08,2.80999e-08
0.00165,0,-6580.71,0.275555,317.918,0.752373,0.0137457,0,1.82566e-07,0.229199,4.2811e-06,2.31687e-06,3.04368e-06,0.00134046,3.95198e-06,0.00035004,0.00165221,2.11877e-08,4.44492e-07,2.34161e-06,7.617e-06,1.6536e-08,2.51311e-10,1.3918e-05,7.92065e-08,3.61417e-07,1.02614e-06,1.9429e-06,1.99063e-06,5.28504e-08,6.8087e-08,1.5531e-06,1.74634e-08,1.73184e-05,0,0.00127643,4.90071e-07,2.44987e-08,2.92525e-08
0.001729,0,-6989.15,0.287555,318.636,0.752303,0.0137444,0,1.90672e-07,0.229089,4.46955e-06,2.41842e-06,3.16788e-06,0.00139423,4.10832e-06,0.000364087,0.00171854,2.2109e-08,4.62974e-07,2.43416e-06,7.91403e-06,1.72969e-08,2.63031e-10,1.44666e-05,8.2173e-08,3.75483e-07,1.06587e-06,2.01755e-06,2.07488e-06,5.5242e-08,7.07669e-08,1.6149e-06,1.82569e-08,1.79966e-05,0,0.00132106,5.08656e-07,2.5603e-08,3.03911e-08
0.001808,0,-7396.89,0.299527,319.348,0.752234,0.0137431,0,1.98773e-07,0.22898,4.65775e-06,2.51979e-06,3.29116e-06,0.00144752,4.26308e-06,0.000378008,0.0017843,2.30282e-08,4.81344e-07,2.52577e-06,8.20769e-06,1.80596e-08,2.7479e-10,1.50095e-05,8.50957e-08,3.89386e-07,1.10512e-06,2.09125e-06,2.15877e-06,5.76358e-08,7.34185e-08,1.67611e-06,1.90515e-08,1.86673e-05,0,0.00136478,5.26986e-07,2.67079e-08,3.15168e-08
0.001887,0,-7804.05,0.31148,320.053,0.752165,0.0137419,0,2.06874e-07,0.228873,4.84579e-06,2.62104e-06,3.4136e-06,0.00150037,4.41636e-06,0.000391815,0.00184951,2.39457e-08,4.99616e-07,2.6165e-06,8.49821e-06,1.88243e-08,2.86595e-10,1.5547e-05,8.7977e-08,4.03138e-07,1.14393e-06,2.16407e-06,2.24234e-06,6.00331e-08,7.60436e-08,1.73676e-06,1.98475e-08,1.93311e-05,0,0.00140762,5.45076e-07,2.78142e-08,3.26302e-08
0.001966,0,-8210.72,0.323418,320.753,0.752098,0.0137407,0,2.14978e-07,0.228766,5.03377e-06,2.72223e-06,3.53528e-06,0.00155282,4.56827e-06,0.000405515,0.00191422,2.4862e-08,5.17801e-07,2.70642e-06,8.78579e-06,1.95916e-08,2.98451e-10,1.60796e-05,9.08192e-08,4.16749e-07,1.18233e-06,2.23607e-06,2.32565e-06,6.24353e-08,7.8644e-08,1.79691e-06,2.06453e-08,1.99884e-05,0,0.00144963,5.6294e-07,2.89223e-08,3.37323e-08
0.002044,0,-8617.02,0.335198,321.439,0.752032,0.0137395,0,2.22986e-07,0.228662,5.21941e-06,2.82211e-06,3.65474e-06,0.00160423,4.717e-06,0.000418947,0.00197767,2.57661e-08,5.35679e-07,2.79446e-06,9.06703e-06,2.0352e-08,3.10214e-10,1.66009e-05,9.35893e-08,4.30056e-07,1.21986e-06,2.30638e-06,2.40769e-06,6.48128e-08,8.11891e-08,1.85583e-06,2.14352e-08,2.06314e-05,0,0.00149034,5.80368e-07,3.00188e-08,3.48099e-08
0.002123,0,-9023.03,0.347126,322.129,0.751966,0.0137383,0,2.31107e-07,0.228557,5.40755e-06,2.9233e-06,3.77512e-06,0.00165596,4.86647e-06,0.000432462,0.00204151,2.66814e-08,5.53719e-07,2.88293e-06,9.34932e-06,2.11253e-08,3.22188e-10,1.71247e-05,9.63602e-08,4.43412e-07,1.2575e-06,2.37688e-06,2.49061e-06,6.72277e-08,8.37455e-08,1.91508e-06,2.22377e-08,2.12771e-05,0,0.00153083,5.97821e-07,3.11322e-08,3.58916e-08
0.002201,0,-9428.88,0.358906,322.806,0.751902,0.0137371,0,2.3914e-07,0.228454,5.59351e-06,3.02329e-06,3.89343e-06,0.00170672,5.01296e-06,0.000445726,0.00210417,2.75852e-08,5.71473e-07,2.96964e-06,9.62569e-06,2.18923e-08,3.34076e-10,1.7638e-05,9.90636e-08,4.56484e-07,1.29433e-06,2.4458e-06,2.57236e-06,6.96199e-08,8.62501e-08,1.97318e-06,2.30329e-08,2.19095e-05,0,0.0015701,6.14866e-07,3.22347e-08,3.69505e-08
0.00228,0,-9834.64,0.370846,323.488,0.751838,0.0137359,0,2.47293e-07,0.22835,5.78213e-06,3.12467e-06,4.01277e-06,0.00175785,5.16033e-06,0.000459085,0.00216728,2.85011e-08,5.89405e-07,3.05687e-06,9.90338e-06,2.26729e-08,3.46188e-10,1.81542e-05,1.01771e-07,4.69616e-07,1.33132e-06,2.51497e-06,2.65506e-06,7.20516e-08,8.87684e-08,2.03165e-06,2.38415e-08,2.25451e-05,0,0.0016092,6.31953e-07,3.33553e-08,3.80143e-08
0.002358,0,-10240.4,0.382646,324.157,0.751775,0.0137348,0,2.55363e-07,0.228249,5.96871e-06,3.22492e-06,4.13017e-06,0.00180808,5.3049e-06,0.000472209,0.00222928,2.94063e-08,6.07069e-07,3.14245e-06,1.01755e-05,2.34476e-08,3.58221e-10,1.86606e-05,1.04414e-07,4.82482e-07,1.36754e-06,2.58268e-06,2.73666e-06,7.44622e-08,9.1238e-08,2.08906e-06,2.46434e-08,2.31681e-05,0,0.00164716,6.48658e-07,3.44657e-08,3.90568e-08
0.002436,0,-10646.4,0.394464,324.824,0.751713,0.0137336,0,2.63456e-07,0.228148,6.1557e-06,3.32536e-06,4.24719e-06,0.00185808,5.44863e-06,0.000485273,0.002291,3.03126e-08,6.24699e-07,3.22753e-06,1.04457e-05,2.42266e-08,3.70332e-10,1.91638e-05,1.07031e-07,4.95256e-07,1.40349e-06,2.64982e-06,2.81824e-06,7.68833e-08,9.3692e-08,2.14615e-06,2.54489e-08,2.37871e-05,0,0.00168452,6.65207e-07,3.55808e-08,4.00919e-08
0.002515,0,-11052.5,0.406454,325.496,0.75165,0.0137325,0,2.7168e-07,0.228046,6.34558e-06,3.4273e-06,4.36538e-06,0.0019085,5.59339e-06,0.000498448,0.00235325,3.12321e-08,6.42527e-07,3.31323e-06,1.07176e-05,2.50201e-08,3.82681e-10,1.96707e-05,1.09655e-07,5.08106e-07,1.43964e-06,2.7173e-06,2.90088e-06,7.9347e-08,9.61628e-08,2.2037e-06,2.62688e-08,2.441e-05,0,0.00172177,6.81819e-07,3.67151e-08,4.11334e-08
0.002593,0,-11459,0.418317,326.157,0.751589,0.0137314,0,2.79827e-07,0.227946,6.53358e-06,3.52822e-06,4.4818e-06,0.00195809,5.7356e-06,0.000511407,0.00241448,3.21417e-08,6.6011e-07,3.39742e-06,1.09844e-05,2.58085e-08,3.94961e-10,2.01684e-05,1.1222e-07,5.20712e-07,1.47509e-06,2.78342e-06,2.98252e-06,8.17916e-08,9.85888e-08,2.26026e-06,2.70827e-08,2.50215e-05,0,0.00175798,6.9808e-07,3.78404e-08,4.21552e-08
0.002671,0,-11866,0.430208,326.816,0.751528,0.0137303,0,2.88006e-07,0.227846,6.72219e-06,3.62941e-06,4.59799e-06,0.00200751,5.87714e-06,0.000524322,0.00247551,3.30533e-08,6.77678e-07,3.48121e-06,1.12496e-05,2.66018e-08,4.07331e-10,2.06638e-05,1.14763e-07,5.33243e-07,1.51031e-06,2.84909e-06,3.06423e-06,8.42491e-08,1.01002e-07,2.31658e-06,2.7901e-08,2.56296e-05,0,0.00179366,7.14211e-07,3.89713e-08,4.31711e-08
0.00275,0,-12273.5,0.442285,327.481,0.751467,0.0137291,0,2.96323e-07,0.227745,6.91387e-06,3.73223e-06,4.71547e-06,0.00205741,6.01987e-06,0.000537362,0.00253713,3.39791e-08,6.95464e-07,3.56572e-06,1.15168e-05,2.74106e-08,4.19954e-10,2.11633e-05,1.17315e-07,5.45863e-07,1.54577e-06,2.91515e-06,3.14708e-06,8.67519e-08,1.03435e-07,2.37341e-06,2.87346e-08,2.62424e-05,0,0.00182928,7.30422e-07,4.01227e-08,4.41944e-08
0.002829,0,-12681.7,0.454398,328.144,0.751407,0.013728,0,3.04677e-07,0.227645,7.10627e-06,3.83539e-06,4.83279e-06,0.00210717,6.16202e-06,0.000550367,0.00259858,3.49074e-08,7.13247e-07,3.64989e-06,1.17826e-05,2.8225e-08,4.32676e-10,2.16606e-05,1.19846e-07,5.58415e-07,1.58103e-06,2.9808e-06,3.23007e-06,8.92692e-08,1.05857e-07,2.43005e-06,2.95732e-08,2.68523e-05,0,0.00186441,7.46513e-07,4.12806e-08,4.52125e-08
0.002907,0,-13090.7,0.466396,328.797,0.751348,0.013727,0,3.12963e-07,0.227547,7.29699e-06,3.93763e-06,4.94852e-06,0.00215618,6.30185e-06,0.000563177,0.00265912,3.58269e-08,7.30807e-07,3.73269e-06,1.20438e-05,2.90348e-08,4.45338e-10,2.21498e-05,1.22325e-07,5.70748e-07,1.61566e-06,3.04524e-06,3.31215e-06,9.17697e-08,1.08239e-07,2.48579e-06,3.04065e-08,2.74518e-05,0,0.00189861,7.62289e-07,4.24305e-08,4.62129e-08
0.002986,0,-13500.6,0.478591,329.457,0.751288,0.0137259,0,3.21395e-07,0.227447,7.49098e-06,4.04157e-06,5.06565e-06,0.00220572,6.44301e-06,0.000576124,0.0027203,3.67614e-08,7.48601e-07,3.81628e-06,1.23072e-05,2.9861e-08,4.58268e-10,2.26435e-05,1.24816e-07,5.83181e-07,1.65056e-06,3.11013e-06,3.39547e-06,9.43181e-08,1.10642e-07,2.5421e-06,3.1256e-08,2.80565e-05,0,0.00193279,7.7816e-07,4.36021e-08,4.72216e-08
0.003065,0,-13911.5,0.490832,330.116,0.751229,0.0137248,0,3.2987e-07,0.227348,7.68583e-06,4.14595e-06,5.18273e-06,0.00225516,6.58372e-06,0.000589048,0.00278138,3.76992e-08,7.66408e-07,3.89961e-06,1.25695e-05,3.06934e-08,4.71306e-10,2.31357e-05,1.27288e-07,5.9556e-07,1.68529e-06,3.17468e-06,3.47899e-06,9.6883e-08,1.13037e-07,2.59826e-06,3.21111e-08,2.86589e-05,0,0.00196654,7.93929e-07,4.4781e-08,4.82262e-08
0.003144,0,-14323.5,0.503121,330.773,0.75117,0.0137237,0,3.3839e-07,0.227249,7.88159e-06,4.25078e-06,5.2998e-06,0.00230454,6.72404e-06,0.000601952,0.00284237,3.86406e-08,7.84232e-07,3.98272e-06,1.28308e-05,3.15322e-08,4.84457e-10,2.36264e-05,1.29743e-07,6.07889e-07,1.71987e-06,3.23891e-06,3.56273e-06,9.94651e-08,1.15423e-07,2.6543e-06,3.29722e-08,2.92592e-05,0,0.00199985,8.09602e-07,4.59676e-08,4.9227e-08
0.003224,0,-14736.8,0.515618,331.438,0.751111,0.0137226,0,3.47066e-07,0.227149,8.08081e-06,4.35742e-06,5.41838e-06,0.00235447,6.86578e-06,0.000615004,0.00290406,3.95978e-08,8.02305e-07,4.06667e-06,1.30944e-05,3.23883e-08,4.97892e-10,2.4122e-05,1.32213e-07,6.20326e-07,1.75475e-06,3.30364e-06,3.64779e-06,1.02098e-07,1.17833e-07,2.71093e-06,3.38505e-08,2.98651e-05,0,0.00203317,8.25381e-07,4.71772e-08,5.02367e-08
0.003303,0,-15151.5,0.528013,332.094,0.751053,0.0137216,0,3.55681e-07,0.22705,8.27854e-06,4.46324e-06,5.53551e-06,0.00240373,7.00543e-06,0.000627881,0.00296492,4.0547e-08,8.20178e-07,4.1494e-06,1.33539e-05,3.32406e-08,5.11277e-10,2.46102e-05,1.34635e-07,6.32565e-07,1.78905e-06,3.36728e-06,3.73205e-06,1.04716e-07,1.20207e-07,2.76677e-06,3.47241e-08,3.04617e-05,0,0.00206568,8.40875e-07,4.83799e-08,5.12306e-08
0.003383,0,-15567.6,0.540622,332.758,0.750995,0.0137205,0,3.64457e-07,0.226951,8.47984e-06,4.57092e-06,5.65422e-06,0.00245357,7.14655e-06,0.000640911,0.00302651,4.15126e-08,8.38308e-07,4.23301e-06,1.36159e-05,3.41108e-08,5.24956e-10,2.51036e-05,1.37072e-07,6.44919e-07,1.82367e-06,3.43145e-06,3.81767e-06,1.07387e-07,1.22604e-07,2.82323e-06,3.56154e-08,3.10642e-05,0,0.00209821,8.56483e-07,4.96064e-08,5.22341e-08
0.003463,0,-15985.4,0.553292,333.421,0.750936,0.0137194,0,3.73286e-07,0.226851,8.68223e-06,4.67916e-06,5.77302e-06,0.00250339,7.28743e-06,0.000653935,0.00308807,4.24827e-08,8.56473e-07,4.31647e-06,1.38772e-05,3.49883e-08,5.38761e-10,2.5596e-05,1.39495e-07,6.57235e-07,1.85817e-06,3.49536e-06,3.9036e-06,1.10078e-07,1.24997e-07,2.87962e-06,3.65136e-08,3.16651e-05,0,0.00213036,8.72012e-07,5.08418e-08,5.32347e-08
0.003544,0,-16405,0.566185,334.092,0.750878,0.0137184,0,3.82282e-07,0.22675,8.88832e-06,4.78934e-06,5.89346e-06,0.00255382,7.42983e-06,0.000667118,0.00315039,4.34696e-08,8.74905e-07,4.40086e-06,1.4141e-05,3.58844e-08,5.52872e-10,2.60938e-05,1.41933e-07,6.69671e-07,1.89299e-06,3.55983e-06,3.99095e-06,1.12823e-07,1.27414e-07,2.93666e-06,3.74301e-08,3.22723e-05,0,0.00216255,8.87658e-07,5.21019e-08,5.42453e-08
0.003624,0,-16826.5,0.578984,334.755,0.75082,0.0137173,0,3.91223e-07,0.226651,9.09305e-06,4.89876e-06,6.01256e-06,0.00260362,7.57029e-06,0.000680139,0.00321194,4.44493e-08,8.93152e-07,4.4841e-06,1.4401e-05,3.67771e-08,5.66941e-10,2.65848e-05,1.44328e-07,6.81921e-07,1.92728e-06,3.62329e-06,4.07757e-06,1.15555e-07,1.29797e-07,2.99296e-06,3.83426e-08,3.28707e-05,0,0.00219399,9.0304e-07,5.33558e-08,5.52411e-08
0.003706,0,-17250,0.592172,335.434,0.750761,0.0137162,0,4.00448e-07,0.226549,9.30416e-06,5.01156e-06,6.13483e-06,0.00265468,7.7141e-06,0.000693487,0.00327504,4.54587e-08,9.11904e-07,4.56934e-06,1.46668e-05,3.77003e-08,5.81503e-10,2.70874e-05,1.4677e-07,6.94447e-07,1.96233e-06,3.68811e-06,4.16674e-06,1.18378e-07,1.32237e-07,3.05063e-06,3.92855e-08,3.3483e-05,0,0.00222587,9.18738e-07,5.46511e-08,5.62597e-08
0.003787,0,-17675.6,0.605272,336.105,0.750703,0.0137152,0,4.09621e-07,0.226448,9.51398e-06,5.12362e-06,6.25583e-06,0.00270513,7.85601e-06,0.000706678,0.00333739,4.64611e-08,9.30477e-07,4.65346e-06,1.4929e-05,3.86205e-08,5.96029e-10,2.75833e-05,1.49169e-07,7.06794e-07,1.99687e-06,3.75194e-06,4.25521e-06,1.21189e-07,1.34643e-07,3.10758e-06,4.02247e-08,3.40868e-05,0,0.00225702,9.34178e-07,5.59406e-08,5.72639e-08
0.003869,0,-18103.7,0.618608,336.785,0.750645,0.0137141,0,4.18972e-07,0.226347,9.72773e-06,5.23775e-06,6.37856e-06,0.00275623,7.99957e-06,0.000720039,0.00340056,4.74815e-08,9.49334e-07,4.73857e-06,1.51939e-05,3.95605e-08,6.10882e-10,2.8085e-05,1.51586e-07,7.19269e-07,2.03175e-06,3.81638e-06,4.3452e-06,1.24058e-07,1.37075e-07,3.16523e-06,4.11835e-08,3.46972e-05,0,0.00228823,9.49747e-07,5.72566e-08,5.82788e-08
0.003951,0,-18534.2,0.632021,337.465,0.750587,0.013713,0,4.28388e-07,0.226245,9.94286e-06,5.35258e-06,6.50155e-06,0.00280737,8.14304e-06,0.00073341,0.00346377,4.85076e-08,9.68249e-07,4.82364e-06,1.54584e-05,4.05093e-08,6.25885e-10,2.85863e-05,1.53991e-07,7.31721e-07,2.06656e-06,3.88064e-06,4.43562e-06,1.26952e-07,1.39506e-07,3.22287e-06,4.21506e-08,3.53068e-05,0,0.00231912,9.65257e-07,5.85833e-08,5.92922e-08
0.004034,0,-18967.3,0.645679,338.154,0.750528,0.013712,0,4.37987e-07,0.226142,1.01621e-05,5.46955e-06,6.62634e-06,0.00285917,8.2882e-06,0.000746957,0.00352782,4.95523e-08,9.87458e-07,4.90973e-06,1.57257e-05,4.14787e-08,6.41226e-10,2.90936e-05,1.56414e-07,7.44305e-07,2.10173e-06,3.94552e-06,4.52761e-06,1.29905e-07,1.41964e-07,3.28124e-06,4.3138e-08,3.59232e-05,0,0.00235008,9.80898e-07,5.99374e-08,6.03166e-08
0.004117,0,-19403.3,0.659419,338.844,0.75047,0.0137109,0,4.47657e-07,0.226039,1.03827e-05,5.58726e-06,6.75143e-06,0.00291104,8.43332e-06,0.00076052,0.00359195,5.06032e-08,1.00673e-06,4.99581e-06,1.59927e-05,4.24573e-08,6.56727e-10,2.96007e-05,1.58827e-07,7.5687e-07,2.13683e-06,4.01024e-06,4.62008e-06,1.32884e-07,1.4442e-07,3.33962e-06,4.41341e-08,3.65391e-05,0,0.00238072,9.96485e-07,6.1303e-08,6.13399e-08
0.004201,0,-19842.2,0.673412,339.543,0.750411,0.0137098,0,4.57515e-07,0.225935,1.06076e-05,5.70717e-06,6.87838e-06,0.00296359,8.58018e-06,0.000774263,0.00365693,5.16732e-08,1.02631e-06,5.08293e-06,1.62627e-05,4.34574e-08,6.7258e-10,3.01139e-05,1.61257e-07,7.69571e-07,2.17231e-06,4.0756e-06,4.71416e-06,1.35926e-07,1.46905e-07,3.39875e-06,4.51514e-08,3.71619e-05,0,0.00241144,1.01221e-06,6.26969e-08,6.23745e-08
0.004286,0,-20284.3,0.687663,340.251,0.750351,0.0137087,0,4.67567e-07,0.225829,1.08367e-05,5.82932e-06,7.0072e-06,0.00301685,8.7288e-06,0.000788191,0.00372278,5.27628e-08,1.04619e-06,5.17111e-06,1.65356e-05,4.44793e-08,6.88793e-10,3.06332e-05,1.63707e-07,7.82408e-07,2.20815e-06,4.1416e-06,4.8099e-06,1.39031e-07,1.49418e-07,3.45861e-06,4.61902e-08,3.77918e-05,0,0.00244222,1.02807e-06,6.41198e-08,6.34205e-08
0.004371,0,-20729.8,0.702006,340.96,0.750292,0.0137076,0,4.77696e-07,0.225723,1.10675e-05,5.95232e-06,7.13641e-06,0.00307019,8.87745e-06,0.000802141,0.00378874,5.38594e-08,1.06616e-06,5.25933e-06,1.68083e-05,4.55114e-08,7.05181e-10,3.11526e-05,1.66147e-07,7.95233e-07,2.24394e-06,4.20748e-06,4.90619e-06,1.42165e-07,1.51931e-07,3.51854e-06,4.72387e-08,3.84215e-05,0,0.00247272,1.04388e-06,6.55553e-08,6.44659e-08
0.004456,0,-21178.8,0.716444,341.67,0.750232,0.0137066,0,4.87905e-07,0.225617,1.13e-05,6.07616e-06,7.26603e-06,0.00312362,9.02615e-06,0.000816116,0.00385482,5.4963e-08,1.0862e-06,5.34759e-06,1.70809e-05,4.65538e-08,7.21747e-10,3.16722e-05,1.68577e-07,8.08046e-07,2.2797e-06,4.27324e-06,5.00304e-06,1.45327e-07,1.54444e-07,3.57852e-06,4.8297e-08,3.90509e-05,0,0.00250293,1.05964e-06,6.70038e-08,6.55108e-08
0.004543,0,-21631.5,0.731322,342.398,0.750172,0.0137055,0,4.98437e-07,0.225509,1.15397e-05,6.20382e-06,7.39914e-06,0.00317841,9.17842e-06,0.000830446,0.00392258,5.61001e-08,1.1068e-06,5.438e-06,1.73597e-05,4.76317e-08,7.3889e-10,3.22043e-05,1.71055e-07,8.21152e-07,2.31626e-06,4.34044e-06,5.10276e-06,1.48594e-07,1.57016e-07,3.63999e-06,4.93906e-08,3.96951e-05,0,0.00253357,1.07574e-06,6.84999e-08,6.65799e-08
0.00463,0,-22088.2,0.746303,343.128,0.750112,0.0137044,0,5.09054e-07,0.2254,1.17812e-05,6.33241e-06,7.53272e-06,0.00323331,9.3308e-06,0.000844807,0.00399049,5.72449e-08,1.12749e-06,5.52847e-06,1.76385e-05,4.87208e-08,7.56224e-10,3.27368e-05,1.73524e-07,8.34251e-07,2.35278e-06,4.40754e-06,5.20311e-06,1.51892e-07,1.59589e-07,3.70153e-06,5.04947e-08,4.03393e-05,0,0.00256393,1.09179e-06,7.001e-08,6.76488e-08
0.004717,0,-22549,0.761389,343.859,0.750051,0.0137033,0,5.19758e-07,0.225291,1.20246e-05,6.46193e-06,7.66678e-06,0.00328833,9.48328e-06,0.000859199,0.00405854,5.83976e-08,1.14827e-06,5.61904e-06,1.79172e-05,4.98211e-08,7.73753e-10,3.32697e-05,1.75984e-07,8.47343e-07,2.38928e-06,4.47455e-06,5.30409e-06,1.55222e-07,1.62163e-07,3.76317e-06,5.16097e-08,4.09836e-05,0,0.00259402,1.1078e-06,7.15342e-08,6.87177e-08
0.004806,0,-23014.2,0.776932,344.608,0.74999,0.0137021,0,5.308e-07,0.22518,1.22754e-05,6.59542e-06,7.80443e-06,0.00334475,9.63941e-06,0.000873956,0.00412833,5.9585e-08,1.16963e-06,5.71179e-06,1.82022e-05,5.09586e-08,7.91889e-10,3.38153e-05,1.78493e-07,8.60733e-07,2.4266e-06,4.54301e-06,5.40806e-06,1.58661e-07,1.64796e-07,3.82632e-06,5.27615e-08,4.16428e-05,0,0.00262453,1.12414e-06,7.31083e-08,6.98112e-08
0.004895,0,-23484.1,0.792588,345.359,0.749929,0.013701,0,5.41935e-07,0.225068,1.25283e-05,6.72992e-06,7.94263e-06,0.0034013,9.7957e-06,0.00088875,0.00419829,6.07808e-08,1.19108e-06,5.80465e-06,1.84873e-05,5.21083e-08,8.10234e-10,3.43616e-05,1.80993e-07,8.74119e-07,2.4639e-06,4.6114e-06,5.51273e-06,1.62134e-07,1.67432e-07,3.88958e-06,5.3925e-08,4.23024e-05,0,0.00265477,1.14044e-06,7.46976e-08,7.09049e-08
0.004986,0,-23958.8,0.808715,346.129,0.749866,0.0136999,0,5.53418e-07,0.224954,1.2789e-05,6.86851e-06,8.08451e-06,0.00345927,9.95568e-06,0.000903916,0.00427001,6.20125e-08,1.21313e-06,5.89972e-06,1.87789e-05,5.32966e-08,8.2921e-10,3.49207e-05,1.83541e-07,8.87806e-07,2.50202e-06,4.68125e-06,5.62047e-06,1.65721e-07,1.70128e-07,3.95438e-06,5.51267e-08,4.2977e-05,0,0.00268543,1.15707e-06,7.63386e-08,7.20235e-08
0.005077,0,-24438.7,0.824963,346.901,0.749803,0.0136987,0,5.65001e-07,0.224839,1.30517e-05,7.00818e-06,8.22698e-06,0.00351739,1.01159e-05,0.000919123,0.00434192,6.32532e-08,1.23529e-06,5.99494e-06,1.90705e-05,5.4498e-08,8.4841e-10,3.54806e-05,1.86081e-07,9.01492e-07,2.54013e-06,4.75104e-06,5.72896e-06,1.69344e-07,1.72827e-07,4.01931e-06,5.63409e-08,4.36521e-05,0,0.00271582,1.17367e-06,7.79959e-08,7.31427e-08
0.005169,0,-24924,0.841516,347.683,0.74974,0.0136976,0,5.76815e-07,0.224723,1.33196e-05,7.15051e-06,8.37164e-06,0.00357632,1.0278e-05,0.000934541,0.00441484,6.4517e-08,1.2578e-06,6.09136e-06,1.93655e-05,5.57259e-08,8.68051e-10,3.60474e-05,1.88642e-07,9.15331e-07,2.57865e-06,4.82154e-06,5.83943e-06,1.73044e-07,1.75558e-07,4.08509e-06,5.75812e-08,4.43352e-05,0,0.00274629,1.19042e-06,7.96884e-08,7.42748e-08
0.005262,0,-25415.1,0.858378,348.476,0.749676,0.0136964,0,5.88864e-07,0.224605,1.35926e-05,7.29555e-06,8.51852e-06,0.00363607,1.04422e-05,0.000950173,0.00448877,6.58042e-08,1.28068e-06,6.18899e-06,1.96638e-05,5.69811e-08,8.88145e-10,3.66213e-05,1.91223e-07,9.29323e-07,2.61759e-06,4.89276e-06,5.95189e-06,1.76823e-07,1.78321e-07,4.15173e-06,5.88482e-08,4.50262e-05,0,0.00277683,1.20732e-06,8.14166e-08,7.542e-08
0.005357,0,-25912.2,0.875739,349.289,0.749611,0.0136952,0,6.01285e-07,0.224485,1.38739e-05,7.44492e-06,8.66925e-06,0.00369728,1.06101e-05,0.000966191,0.00456453,6.71293e-08,1.30418e-06,6.2889e-06,1.99687e-05,5.82779e-08,9.08922e-10,3.72085e-05,1.93851e-07,9.4362e-07,2.65737e-06,4.96547e-06,6.06763e-06,1.80725e-07,1.81147e-07,4.21996e-06,6.01564e-08,4.57327e-05,0,0.00280776,1.22455e-06,8.32003e-08,7.65908e-08
0.005452,0,-26415.7,0.893239,350.104,0.749546,0.013694,0,6.1382e-07,0.224364,1.41577e-05,7.59554e-06,8.8207e-06,0.0037587,1.07783e-05,0.000982261,0.00464054,6.84648e-08,1.32781e-06,6.389e-06,2.02739e-05,5.95896e-08,9.29955e-10,3.77967e-05,1.96473e-07,9.57924e-07,2.69715e-06,5.03814e-06,6.18425e-06,1.84668e-07,1.83977e-07,4.28835e-06,6.14788e-08,4.644e-05,0,0.00283843,1.24175e-06,8.50027e-08,7.77626e-08
0.005549,0,-26925.8,0.911254,350.938,0.74948,0.0136928,0,6.26739e-07,0.22424,1.44499e-05,7.75063e-06,8.97609e-06,0.00382161,1.09504e-05,0.000998724,0.0047184,6.98394e-08,1.35207e-06,6.49142e-06,2.05857e-05,6.09445e-08,9.51699e-10,3.83985e-05,1.99142e-07,9.72536e-07,2.73778e-06,5.11231e-06,6.30423e-06,1.88737e-07,1.86869e-07,4.35836e-06,6.28438e-08,4.7163e-05,0,0.00286949,1.25929e-06,8.68626e-08,7.89603e-08
0.005647,0,-27443.1,0.929605,351.784,0.749413,0.0136916,0,6.39915e-07,0.224115,1.47478e-05,7.90866e-06,9.13387e-06,0.00388538,1.11246e-05,0.00101541,0.00479735,7.12394e-08,1.37672e-06,6.59512e-06,2.0901e-05,6.23295e-08,9.73945e-10,3.90076e-05,2.01832e-07,9.87308e-07,2.77884e-06,5.18721e-06,6.42641e-06,1.92894e-07,1.89796e-07,4.42928e-06,6.42384e-08,4.78943e-05,0,0.00290061,1.27697e-06,8.8762e-08,8.01717e-08
0.005746,0,-27967.9,0.948299,352.642,0.749345,0.0136904,0,6.53353e-07,0.223988,1.50515e-05,8.06969e-06,9.29407e-06,0.00395004,1.13008e-05,0.00103234,0.00487738,7.26653e-08,1.40178e-06,6.70011e-06,2.12198e-05,6.37453e-08,9.96704e-10,3.96243e-05,2.04542e-07,1.00224e-06,2.82034e-06,5.26286e-06,6.55081e-06,1.97139e-07,1.92757e-07,4.50112e-06,6.56631e-08,4.86341e-05,0,0.00293179,1.29481e-06,9.07017e-08,8.13969e-08
0.005847,0,-28500.5,0.967533,353.52,0.749276,0.0136891,0,6.67196e-07,0.223858,1.53642e-05,8.23543e-06,9.45838e-06,0.00401624,1.1481e-05,0.00104966,0.00495934,7.41323e-08,1.42749e-06,6.80748e-06,2.15454e-05,6.52072e-08,1.02022e-09,4.02547e-05,2.073e-07,1.01749e-06,2.8627e-06,5.34003e-06,6.67877e-06,2.01519e-07,1.95782e-07,4.57462e-06,6.71331e-08,4.939e-05,0,0.00296334,1.31299e-06,9.27025e-08,8.26485e-08
0.00595,0,-29041.6,0.98732,354.419,0.749206,0.0136878,0,6.81455e-07,0.223725,1.5686e-05,8.40597e-06,9.62684e-06,0.00408401,1.16652e-05,0.0010674,0.00504324,7.5641e-08,1.45387e-06,6.91724e-06,2.18779e-05,6.67164e-08,1.04453e-09,4.08992e-05,2.10105e-07,1.03305e-06,2.90592e-06,5.41871e-06,6.81035e-06,2.06037e-07,1.98873e-07,4.6498e-06,6.86498e-08,5.01619e-05,0,0.00299524,1.3315e-06,9.4766e-08,8.39267e-08
0.006054,0,-29591.4,1.00748,355.329,0.749135,0.0136865,0,6.95997e-07,0.223591,1.60141e-05,8.57975e-06,9.79789e-06,0.0041527,1.18516e-05,0.00108538,0.00512829,7.71777e-08,1.48068e-06,7.02835e-06,2.2214e-05,6.82592e-08,1.06939e-09,4.15514e-05,2.12931e-07,1.04877e-06,2.94958e-06,5.49816e-06,6.94434e-06,2.10652e-07,2.01999e-07,4.72594e-06,7.01993e-08,5.09426e-05,0,0.00302719,1.35016e-06,9.68734e-08,8.52193e-08
0.006159,0,-30150.6,1.02801,356.252,0.749064,0.0136852,0,7.10828e-07,0.223454,1.63485e-05,8.75682e-06,9.97156e-06,0.00422233,1.20402e-05,0.00110361,0.00521451,7.87428e-08,1.50791e-06,7.14082e-06,2.25537e-05,6.98364e-08,1.09483e-09,4.22116e-05,2.15777e-07,1.06467e-06,2.9937e-06,5.57837e-06,7.08079e-06,2.15366e-07,2.05161e-07,4.80305e-06,7.17824e-08,5.17321e-05,0,0.00305918,1.36898e-06,9.90256e-08,8.65263e-08
0.006267,0,-30719.7,1.04932,357.205,0.74899,0.0136839,0,7.26241e-07,0.223314,1.66958e-05,8.94066e-06,1.01512e-05,0.00429424,1.22346e-05,0.00112243,0.00530356,8.03669e-08,1.53611e-06,7.25683e-06,2.29037e-05,7.14794e-08,1.12136e-09,4.28924e-05,2.18697e-07,1.08103e-06,3.03912e-06,5.66088e-06,7.22238e-06,2.20273e-07,2.08419e-07,4.88263e-06,7.34305e-08,5.25457e-05,0,0.00309181,1.38831e-06,1.01265e-07,8.7873e-08
0.006376,0,-31299.3,1.07103,358.171,0.748916,0.0136825,0,7.41961e-07,0.223171,1.70498e-05,9.12798e-06,1.03337e-05,0.00436713,1.24313e-05,0.00114151,0.00539382,8.2021e-08,1.56477e-06,7.37425e-06,2.32574e-05,7.31591e-08,1.1485e-09,4.35813e-05,2.21638e-07,1.09757e-06,3.08499e-06,5.74416e-06,7.36656e-06,2.25285e-07,2.11714e-07,4.96322e-06,7.51143e-08,5.33682e-05,0,0.00312447,1.4078e-06,1.03553e-07,8.92346e-08
0.006488,0,-31890,1.09354,359.168,0.748839,0.0136811,0,7.58287e-07,0.223024,1.74172e-05,9.32232e-06,1.05222e-05,0.00444234,1.2634e-05,0.00116121,0.00548698,8.37364e-08,1.59441e-06,7.49525e-06,2.36215e-05,7.49079e-08,1.17678e-09,4.42911e-05,2.24652e-07,1.11458e-06,3.13217e-06,5.82976e-06,7.51608e-06,2.30499e-07,2.15107e-07,5.04632e-06,7.68661e-08,5.42151e-05,0,0.00315775,1.4278e-06,1.05932e-07,9.06362e-08
0.006602,0,-32492.6,1.11668,360.186,0.748762,0.0136797,0,7.75086e-07,0.222874,1.77951e-05,9.52211e-06,1.07154e-05,0.00451925,1.28408e-05,0.00118134,0.00558223,8.54988e-08,1.62479e-06,7.61879e-06,2.39926e-05,7.67117e-08,1.20598e-09,4.50158e-05,2.27713e-07,1.13191e-06,3.18024e-06,5.9169e-06,7.66971e-06,2.35872e-07,2.18568e-07,5.1312e-06,7.86721e-08,5.50788e-05,0,0.00319133,1.44814e-06,1.08384e-07,9.20657e-08
0.006718,0,-33107.8,1.14045,361.228,0.748682,0.0136782,0,7.9237e-07,0.22272,1.81836e-05,9.72744e-06,1.09132e-05,0.00459786,1.30519e-05,0.00120193,0.00567961,8.73094e-08,1.65593e-06,7.7449e-06,2.43709e-05,7.85722e-08,1.23613e-09,4.57553e-05,2.3082e-07,1.14958e-06,3.22921e-06,6.0056e-06,7.82754e-06,2.4141e-07,2.22097e-07,5.21789e-06,8.05335e-08,5.59594e-05,0,0.00322521,1.4688e-06,1.1091e-07,9.35232e-08
0.006836,0,-33736.3,1.16488,362.291,0.748602,0.0136768,0,8.1015e-07,0.222564,1.8583e-05,9.93846e-06,1.11158e-05,0.0046782,1.32671e-05,0.00122297,0.00577914,8.91692e-08,1.68784e-06,7.87359e-06,2.47564e-05,8.0491e-08,1.26724e-09,4.65099e-05,2.33973e-07,1.16757e-06,3.27907e-06,6.09586e-06,7.98965e-06,2.47116e-07,2.25695e-07,5.30641e-06,8.24519e-08,5.68572e-05,0,0.00325938,1.4898e-06,1.13512e-07,9.5009e-08
0.006958,0,-34379.2,1.19039,363.397,0.748518,0.0136752,0,8.28744e-07,0.222401,1.90004e-05,1.01589e-05,1.13266e-05,0.00476167,1.34903e-05,0.00124483,0.00588256,9.11111e-08,1.72107e-06,8.0071e-06,2.51556e-05,8.25027e-08,1.2999e-09,4.72926e-05,2.37225e-07,1.1862e-06,3.33069e-06,6.18922e-06,8.15895e-06,2.53093e-07,2.29424e-07,5.39829e-06,8.4462e-08,5.77875e-05,0,0.00329439,1.51149e-06,1.16238e-07,9.65485e-08
0.007082,0,-35037.3,1.21658,364.525,0.748434,0.0136737,0,8.47864e-07,0.222235,1.94294e-05,1.03854e-05,1.15424e-05,0.00484693,1.37179e-05,0.00126716,0.0059882,9.3105e-08,1.75511e-06,8.14326e-06,2.55622e-05,8.45769e-08,1.3336e-09,4.80907e-05,2.40523e-07,1.20516e-06,3.38321e-06,6.28414e-06,8.3328e-06,2.59251e-07,2.33223e-07,5.49204e-06,8.6533e-08,5.87353e-05,0,0.00332967,1.53351e-06,1.19045e-07,9.81169e-08
0.007209,0,-35711.7,1.2437,365.687,0.748347,0.0136721,0,8.67681e-07,0.222064,1.98738e-05,1.06198e-05,1.1765e-05,0.0049347,1.39516e-05,0.00129015,0.00609696,9.51682e-08,1.79024e-06,8.28321e-06,2.59795e-05,8.67323e-08,1.36866e-09,4.89108e-05,2.43893e-07,1.22461e-06,3.43708e-06,6.38141e-06,8.51272e-06,2.65644e-07,2.37124e-07,5.58847e-06,8.86837e-08,5.97083e-05,0,0.00336548,1.55604e-06,1.21959e-07,9.97271e-08
0.007339,0,-36403.7,1.27175,366.882,0.748258,0.0136705,0,8.88213e-07,0.221888,2.03338e-05,1.08624e-05,1.19944e-05,0.00502502,1.41916e-05,0.0013138,0.00620888,9.73023e-08,1.8265e-06,8.42699e-06,2.64074e-05,8.89715e-08,1.40511e-09,4.97533e-05,2.47334e-07,1.24456e-06,3.49229e-06,6.48103e-06,8.69887e-06,2.7228e-07,2.41127e-07,5.68759e-06,9.09165e-08,6.07067e-05,0,0.00340179,1.57908e-06,1.24983e-07,1.01379e-07
0.007472,0,-37114.4,1.30076,368.111,0.748167,0.0136688,0,9.09478e-07,0.221707,2.081e-05,1.11135e-05,1.2231e-05,0.00511791,1.4438e-05,0.00133814,0.006324,9.95092e-08,1.86389e-06,8.57463e-06,2.68462e-05,9.12971e-08,1.44301e-09,5.06183e-05,2.50845e-07,1.26499e-06,3.54885e-06,6.583e-06,8.8914e-06,2.79166e-07,2.45233e-07,5.78944e-06,9.32339e-08,6.17307e-05,0,0.0034386,1.60262e-06,1.28121e-07,1.03074e-07
0.00761,0,-37845.4,1.3312,369.393,0.748072,0.0136671,0,9.31824e-07,0.221519,2.131e-05,1.13769e-05,1.24783e-05,0.00521483,1.46944e-05,0.00136353,0.00644413,1.01824e-07,1.90301e-06,8.72842e-06,2.73024e-05,9.37476e-08,1.48299e-09,5.15191e-05,2.54479e-07,1.28624e-06,3.60762e-06,6.68885e-06,9.09343e-06,2.86415e-07,2.49506e-07,5.89558e-06,9.5674e-08,6.2796e-05,0,0.00347644,1.62702e-06,1.31423e-07,1.04837e-07
0.007752,0,-38598.3,1.36288,370.719,0.747975,0.0136653,0,9.55116e-07,0.221324,2.18308e-05,1.16513e-05,1.27347e-05,0.00531512,1.49592e-05,0.00138981,0.00656845,1.04233e-07,1.94362e-06,8.88729e-06,2.77729e-05,9.63094e-08,1.52483e-09,5.24496e-05,2.58209e-07,1.30813e-06,3.66819e-06,6.79784e-06,9.30374e-06,2.93986e-07,2.53914e-07,6.00531e-06,9.82231e-08,6.3895e-05,0,0.00351499,1.65209e-06,1.34872e-07,1.06656e-07
0.007897,0,-39374.7,1.39562,372.081,0.747875,0.0136635,0,9.79216e-07,0.221124,2.23693e-05,1.19347e-05,1.29988e-05,0.00541813,1.52305e-05,0.0014168,0.00669615,1.06721e-07,1.98544e-06,9.05019e-06,2.82544e-05,9.89678e-08,1.56829e-09,5.34034e-05,2.62007e-07,1.33053e-06,3.73012e-06,6.90919e-06,9.52104e-06,3.01836e-07,2.58427e-07,6.11788e-06,1.00866e-07,6.50204e-05,0,0.00355396,1.67767e-06,1.38447e-07,1.08519e-07
0.008048,0,-40176.8,1.43012,373.507,0.747771,0.0136616,0,1.00466e-06,0.220915,2.29373e-05,1.22336e-05,1.3276e-05,0.00552605,1.5514e-05,0.00144508,0.00682994,1.09343e-07,2.0294e-06,9.22053e-06,2.8757e-05,1.01782e-07,1.61435e-09,5.44006e-05,2.65952e-07,1.35389e-06,3.79472e-06,7.02521e-06,9.7501e-06,3.10138e-07,2.63141e-07,6.23568e-06,1.03663e-07,6.61956e-05,0,0.00359413,1.70427e-06,1.42227e-07,1.10464e-07
0.008204,0,-41006.8,1.4662,374.989,0.747664,0.0136596,0,1.0313e-06,0.220698,2.35319e-05,1.25463e-05,1.35649e-05,0.00563823,1.5808e-05,0.00147448,0.00696904,1.12084e-07,2.07523e-06,9.39727e-06,2.92774e-05,1.0474e-07,1.66281e-09,5.54352e-05,2.70015e-07,1.37808e-06,3.86156e-06,7.14515e-06,9.98974e-06,3.18854e-07,2.68026e-07,6.35798e-06,1.06599e-07,6.74132e-05,0,0.00363519,1.73171e-06,1.46194e-07,1.1248e-07
0.008365,0,-41867.3,1.50391,376.528,0.747552,0.0136576,0,1.0592e-06,0.220472,2.41538e-05,1.28732e-05,1.38657e-05,0.00575474,1.61124e-05,0.00150501,0.00711351,1.14949e-07,2.12299e-06,9.58049e-06,2.98158e-05,1.07846e-07,1.71376e-09,5.65074e-05,2.74196e-07,1.40308e-06,3.93065e-06,7.269e-06,1.02403e-05,3.27999e-07,2.73082e-07,6.48485e-06,1.09681e-07,6.86735e-05,0,0.00367711,1.75999e-06,1.50356e-07,1.14567e-07
0.008533,0,-42761.4,1.54377,378.145,0.747436,0.0136555,0,1.08874e-06,0.220235,2.48118e-05,1.32189e-05,1.41824e-05,0.00587711,1.64314e-05,0.00153709,0.00726528,1.17976e-07,2.17332e-06,9.77254e-06,3.03791e-05,1.11145e-07,1.76795e-09,5.76312e-05,2.78544e-07,1.42922e-06,4.00286e-06,7.3983e-06,1.05052e-05,3.37704e-07,2.78374e-07,6.61793e-06,1.12952e-07,6.99925e-05,0,0.00372036,1.78946e-06,1.54772e-07,1.16751e-07
0.008708,0,-43692.9,1.58586,379.839,0.747315,0.0136533,0,1.11998e-06,0.219987,2.55071e-05,1.3584e-05,1.45155e-05,0.00600544,1.67649e-05,0.00157073,0.00742445,1.2117e-07,2.22628e-06,9.97354e-06,3.09672e-05,1.14647e-07,1.82552e-09,5.8807e-05,2.83058e-07,1.4565e-06,4.0782e-06,7.53306e-06,1.0785e-05,3.47992e-07,2.83903e-07,6.75732e-06,1.1642e-07,7.13708e-05,0,0.00376487,1.82011e-06,1.59453e-07,1.19034e-07
0.00889,1e-06,-44666.6,1.63024,381.613,0.747189,0.0136509,0,1.15299e-06,0.219727,2.6241e-05,1.3969e-05,1.48653e-05,0.00613984,1.71131e-05,0.00160597,0.00759117,1.24538e-07,2.28195e-06,1.01836e-05,3.15805e-05,1.18359e-07,1.88664e-09,6.00356e-05,2.87737e-07,1.48493e-06,4.15668e-06,7.67328e-06,1.10802e-05,3.58886e-07,2.89672e-07,6.90308e-06,1.20093e-07,7.28086e-05,0,0.0038106,1.85192e-06,1.64408e-07,1.21416e-07
0.009081,2e-06,-45689.5,1.67748,383.488,0.747056,0.0136485,0,1.18818e-06,0.219453,2.7023e-05,1.43791e-05,1.52361e-05,0.00628191,1.748e-05,0.00164322,0.00776742,1.28122e-07,2.341e-06,1.04051e-05,3.22257e-05,1.22332e-07,1.95214e-09,6.13311e-05,2.92627e-07,1.51482e-06,4.23918e-06,7.82049e-06,1.13947e-05,3.70535e-07,2.95746e-07,7.05694e-06,1.24022e-07,7.43224e-05,0,0.00385798,1.88525e-06,1.69705e-07,1.23925e-07
0.009282,5e-06,-46773.6,1.72793,385.475,0.746917,0.013646,0,1.22585e-06,0.219162,2.7859e-05,1.48173e-05,1.56305e-05,0.00643254,1.78676e-05,0.00168273,0.00795431,1.31949e-07,2.40386e-06,1.06394e-05,3.29065e-05,1.266e-07,2.0226e-09,6.27012e-05,2.97753e-07,1.54633e-06,4.32614e-06,7.97546e-06,1.17307e-05,3.83035e-07,3.02159e-07,7.21982e-06,1.28239e-07,7.59206e-05,0,0.00390716,1.92025e-06,1.75388e-07,1.26574e-07
0.009495,1.3e-05,-47940.5,1.78224,387.597,0.746768,0.0136433,0,1.26647e-06,0.218852,2.87598e-05,1.5289e-05,1.60531e-05,0.00659341,1.82802e-05,0.00172492,0.00815394,1.36066e-07,2.47126e-06,1.08891e-05,3.36299e-05,1.31221e-07,2.09901e-09,6.41606e-05,3.03161e-07,1.57979e-06,4.41844e-06,8.13973e-06,1.20927e-05,3.96553e-07,3.08977e-07,7.39349e-06,1.32801e-07,7.76199e-05,0,0.00395854,1.95725e-06,1.81532e-07,1.29392e-07
0.009725,3.2e-05,-49234.4,1.84184,389.906,0.746607,0.0136403,0,1.31115e-06,0.218514,2.97495e-05,1.5807e-05,1.65148e-05,0.00676855,1.87277e-05,0.00177086,0.00837131,1.40583e-07,2.54496e-06,1.11602e-05,3.44131e-05,1.36326e-07,2.18353e-09,6.5745e-05,3.08971e-07,1.61599e-06,4.51827e-06,8.31714e-06,1.24903e-05,4.11467e-07,3.16364e-07,7.58224e-06,1.37835e-07,7.94611e-05,0,0.00401315,1.9971e-06,1.88309e-07,1.32446e-07
0.00998,7.9e-05,-50746.6,1.9091,392.487,0.746429,0.0136371,0,1.36169e-06,0.218137,3.08677e-05,1.63916e-05,1.70333e-05,0.00696446,1.92261e-05,0.00182226,0.00861448,1.45678e-07,2.62779e-06,1.14625e-05,3.5284e-05,1.42126e-07,2.27974e-09,6.75117e-05,3.15377e-07,1.6562e-06,4.62913e-06,8.51383e-06,1.29395e-05,4.28391e-07,3.24584e-07,7.79296e-06,1.43549e-07,8.15098e-05,0,0.00407268,2.04114e-06,1.95998e-07,1.35846e-07
0.010273,0.000189,-52666.2,1.9879,395.482,0.746223,0.0136333,0,1.42106e-06,0.2177,3.21796e-05,1.70771e-05,1.76374e-05,0.00719178,1.98015e-05,0.00188191,0.00889669,1.51646e-07,2.72439e-06,1.18122e-05,3.62875e-05,1.48975e-07,2.39356e-09,6.95545e-05,3.2269e-07,1.70248e-06,4.75671e-06,8.73979e-06,1.34664e-05,4.48348e-07,3.34064e-07,8.03695e-06,1.50289e-07,8.38729e-05,0,0.00413975,2.09156e-06,2.05061e-07,1.3977e-07
0.010634,0.000436,-55373.3,2.08724,399.211,0.745969,0.0136286,0,1.49613e-06,0.217156,3.38361e-05,1.79415e-05,1.83942e-05,0.00747507,2.05145e-05,0.00195627,0.00924846,1.59164e-07,2.84554e-06,1.22463e-05,3.7528e-05,1.5769e-07,2.53869e-09,7.20899e-05,3.31627e-07,1.75962e-06,4.91415e-06,9.01802e-06,1.41319e-05,4.73696e-07,3.45792e-07,8.34021e-06,1.58853e-07,8.67968e-05,0,0.00422045,2.15338e-06,2.16569e-07,1.44628e-07
0.011117,0.000967,-59595.7,2.22404,404.269,0.745628,0.0136224,0,1.59993e-06,0.216418,3.61218e-05,1.91327e-05,1.94283e-05,0.00785953,2.14749e-05,0.00205721,0.00972598,1.6951e-07,3.01127e-06,1.28325e-05,3.91937e-05,1.69832e-07,2.74148e-09,7.55125e-05,3.43451e-07,1.83621e-06,5.12513e-06,9.3898e-06,1.50503e-05,5.08939e-07,3.61559e-07,8.7504e-06,1.70766e-07,9.07285e-05,0,0.00432514,2.23554e-06,2.32563e-07,1.51169e-07
0.011816,0.002054,-66632.3,2.42988,411.722,0.745131,0.0136133,0,1.75696e-06,0.215332,3.95706e-05,2.09264e-05,2.0968e-05,0.00842663,2.2876e-05,0.00220617,0.0104306,1.85062e-07,3.25843e-06,1.36911e-05,4.16141e-05,1.88401e-07,3.05282e-09,8.05238e-05,3.60277e-07,1.94723e-06,5.43084e-06,9.92632e-06,1.64375e-05,5.62687e-07,3.84505e-07,9.35257e-06,1.88944e-07,9.64526e-05,0,0.00447005,2.35318e-06,2.56941e-07,1.60707e-07
0.012884,0.004153,-78569.6,2.76226,423.399,0.744368,0.0135994,0,2.01256e-06,0.213632,4.51621e-05,2.38261e-05,2.34183e-05,0.00931634,2.50379e-05,0.00244002,0.0115366,2.10137e-07,3.65257e-06,1.50241e-05,4.53265e-05,2.19111e-07,3.57064e-09,8.83008e-05,3.85277e-07,2.11685e-06,5.89776e-06,1.07406e-05,1.86914e-05,6.51217e-07,4.1977e-07,1.02905e-05,2.18911e-07,0.000105257,0,0.00467662,2.52961e-06,2.97064e-07,1.75422e-07
0.014528,0.007919,-98273.4,3.31565,441.992,0.743185,0.0135778,0,2.44322e-06,0.210929,5.45271e-05,2.86605e-05,2.74167e-05,0.0107364,2.83978e-05,0.00281368,0.0133033,2.51789e-07,4.29737e-06,1.71177e-05,5.10456e-05,2.72095e-07,4.47167e-09,0.000100511,4.21897e-07,2.37646e-06,6.61255e-06,1.19748e-05,2.24861e-05,8.03113e-07,4.74244e-07,1.17708e-05,2.70387e-07,0.000118881,0,0.00496045,2.79194e-06,3.65831e-07,1.98317e-07
0.016976,0.014122,-128848,4.24098,471.267,0.741379,0.0135448,0,3.17544e-06,0.206674,7.03151e-05,3.6756e-05,3.3943e-05,0.0129801,3.34947e-05,0.00340511,0.0160977,3.21202e-07,5.35232e-06,2.03501e-05,5.96205e-05,3.65257e-07,6.07496e-09,0.000119364,4.7284e-07,2.7617e-06,7.67524e-06,1.37811e-05,2.89573e-05,1.06831e-06,5.5614e-07,1.40709e-05,3.60383e-07,0.00013944,0,0.00532226,3.16498e-06,4.85728e-07,2.33227e-07
0.020399,0.023431,-172597,5.69102,513.293,0.738903,0.0134995,0,4.35097e-06,0.200566,9.53462e-05,4.9458e-05,4.38646e-05,0.0162193,4.03603e-05,0.00426153,0.0201385,4.29419e-07,6.96011e-06,2.48486e-05,7.09628e-05,5.22283e-07,8.82353e-09,0.00014564,5.31573e-07,3.26155e-06,9.06258e-06,1.60715e-05,3.94491e-05,1.51134e-06,6.64791e-07,1.7302e-05,5.10983e-07,0.000166928,0,0.00566897,3.61341e-06,6.85692e-07,2.80873e-07
0.024862,0.036219,-230167,7.86425,570.358,0.735678,0.0134406,0,6.16439e-06,0.192248,0.000133367,6.84885e-05,5.83799e-05,0.0206509,4.88725e-05,0.00543853,0.0256774,5.90558e-07,9.31393e-06,3.07282e-05,8.4745e-05,7.79263e-07,1.34137e-08,0.000180156,5.89665e-07,3.85059e-06,1.07256e-05,1.86931e-05,5.60061e-05,2.23039e-06,7.96715e-07,2.15654e-05,7.55755e-07,0.00020081,0,0.00592348,4.0865e-06,1.00974e-06,3.41759e-07
0.030324,0.052533,-300577,10.9025,641.987,0.731771,0.0133692,0,8.78529e-06,0.181744,0.000187311,9.50145e-05,7.84041e-05,0.0262692,5.82422e-05,0.00694049,0.032714,8.14094e-07,1.256e-05,3.77809e-05,9.95844e-05,1.17713e-06,2.06861e-08,0.000222038,6.33215e-07,4.45268e-06,1.24964e-05,2.12667e-05,8.08668e-05,3.33644e-06,9.37593e-07,2.67201e-05,1.13259e-06,0.000238016,0,0.00599351,4.48901e-06,1.50755e-06,4.12808e-07
0.036685,0.072205,-381818,14.8569,725.638,0.72732,0.0132879,0,1.23208e-05,0.16936,0.000258569,0.000129303,0.00010454,0.0329115,6.73356e-05,0.00873224,0.0410499,1.10256e-06,1.67973e-05,4.56271e-05,0.000113683,1.75579e-06,3.15248e-08,0.000269651,6.50374e-07,4.97425e-06,1.41811e-05,2.33644e-05,0.000116258,4.93947e-06,1.06824e-06,3.24714e-05,1.67882e-06,0.000274328,0,0.00583532,4.7292e-06,2.2284e-06,4.89205e-07
0.043821,0.094949,-471428,19.6472,817.149,0.722507,0.0132,0,1.67645e-05,0.155638,0.000346112,0.000170362,0.000136871,0.0402835,7.49998e-05,0.0107439,0.0503163,1.44901e-06,2.20527e-05,5.38287e-05,0.000125377,2.5425e-06,4.66289e-08,0.000321192,6.35816e-07,5.33374e-06,1.56282e-05,2.4648e-05,0.000163828,7.11913e-06,1.17032e-06,3.8444e-05,2.42105e-06,0.00030562,0,0.0054652,4.75197e-06,3.20807e-06,5.65593e-07
0.051603,0.120295,-566820,25.0531,911.453,0.717541,0.0131092,0,2.19664e-05,0.141277,0.000446147,0.000215916,0.000174769,0.0480042,8.03897e-05,0.0128807,0.0600306,1.83688e-06,2.82543e-05,6.19878e-05,0.000133593,3.53946e-06,6.6235e-08,0.000375055,5.92018e-07,5.48566e-06,1.67726e-05,2.49643e-05,0.000223949,9.89134e-06,1.23163e-06,4.42665e-05,3.36375e-06,0.000328968,0,0.0049443,4.5546e-06,4.45377e-06,6.37125e-07
0.059913,0.147245,-665554,30.7542,1003.52,0.712633,0.0130196,0,2.76512e-05,0.127011,0.000552753,0.000262871,0.000216864,0.0556741,8.31709e-05,0.0150381,0.0696825,2.24319e-06,3.52217e-05,6.98092e-05,0.000138061,4.71757e-06,8.99377e-08,0.000429936,5.27326e-07,5.42986e-06,1.76368e-05,2.43656e-05,0.000295285,1.31892e-05,1.24891e-06,4.9646e-05,4.48309e-06,0.000343275,0,0.00435152,4.18057e-06,5.93555e-06,7.00246e-07
0.06866,0.174101,-765606,36.4065,1089.25,0.707969,0.0129344,0,3.3483e-05,0.113482,0.000659326,0.000308097,0.000261279,0.0629467,8.35186e-05,0.0171205,0.0788276,2.64401e-06,4.26887e-05,7.71152e-05,0.000139213,6.02146e-06,1.16735e-07,0.00048475,4.52282e-07,5.20353e-06,1.8299e-05,2.30553e-05,0.000374936,1.68722e-05,1.22711e-06,5.44076e-05,5.73039e-06,0.000349172,0,0.00375838,3.69787e-06,7.59036e-06,7.53062e-07
0.077752,0.199271,-865227,41.697,1165.67,0.703705,0.0128565,0,3.91213e-05,0.101196,0.000759679,0.000348965,0.000305826,0.0695499,8.19579e-05,0.0190472,0.0871175,3.01808e-06,5.03201e-05,8.37969e-05,0.000137892,7.37743e-06,1.45153e-07,0.000538307,3.76604e-07,4.86414e-06,1.88477e-05,2.13069e-05,0.000458759,2.07438e-05,1.17644e-06,5.84756e-05,7.03837e-06,0.000348419,0,0.00321705,3.17719e-06,9.32973e-06,7.95076e-07
0.087048,0.221507,-962518,46.3791,1230.91,0.699959,0.0127881,0,4.42656e-05,0.0905136,0.00084883,0.000383662,0.000348229,0.0752906,7.91795e-05,0.0207545,0.0943072,3.34889e-06,5.7736e-05,8.97671e-05,0.000135073,8.70339e-06,1.73445e-07,0.000589095,3.0759e-07,4.47378e-06,1.93493e-05,1.9397e-05,0.00054185,2.45747e-05,1.10923e-06,6.18415e-05,8.32942e-06,0.000343261,0,0.00275828,2.67783e-06,1.10506e-05,8.2683e-07
0.096325,0.239689,-1.05525e+06,50.3023,1284.25,0.696806,0.0127305,0,4.87e-05,0.0816271,0.00092366,0.00041139,0.00038647,0.0800667,7.58732e-05,0.0222019,0.100271,3.6265e-06,6.45672e-05,9.49503e-05,0.000131646,9.92295e-06,1.99887e-07,0.000635426,2.495e-07,4.08662e-06,1.98344e-05,1.75562e-05,0.000619372,2.81415e-05,1.03722e-06,6.45426e-05,9.5286e-06,0.0003359,0,0.00239331,2.24004e-06,1.26524e-05,8.49626e-07
0.105252,0.252933,-1.14082e+06,53.4174,1325.98,0.694268,0.0126842,0,5.23126e-05,0.0745643,0.000983066,0.000432289,0.000419068,0.0838637,7.26048e-05,0.0233729,0.104996,3.84769e-06,7.05104e-05,9.92871e-05,0.000128284,1.09772e-05,2.23069e-07,0.000675719,2.03821e-07,3.74146e-06,2.02998e-05,1.59427e-05,0.000687326,3.12619e-05,9.69659e-07,6.66421e-05,1.05754e-05,0.000328124,0,0.0021188,1.88392e-06,1.40533e-05,8.65177e-07
0.113364,0.261177,-1.21623e+06,55.7509,1357.01,0.692333,0.0126488,0,5.50807e-05,0.0692387,0.0010275,0.000447121,0.000445128,0.086728,6.97657e-05,0.0242702,0.108549,4.01419e-06,7.53502e-05,0.000102736,0.000125411,1.18281e-05,2.42005e-07,0.000708678,1.70158e-07,3.46087e-06,2.07205e-05,1.46443e-05,0.000742884,3.38087e-05,9.1267e-07,6.8209e-05,1.1428e-05,0.000321163,0,0.00192349,1.61399e-06,1.51963e-05,8.75242e-07
0.12009,0.265843,-1.2782e+06,57.3748,1378.56,0.690959,0.0126237,0,5.70433e-05,0.065498,0.00105835,0.000456922,0.000464295,0.088741,6.75791e-05,0.024909,0.111038,4.1307e-06,7.8965e-05,0.000105277,0.000123236,1.24578e-05,2.56155e-07,0.000733449,1.47138e-07,3.25412e-06,2.1064e-05,1.36929e-05,0.000784453,3.57116e-05,8.69528e-07,6.93076e-05,1.20641e-05,0.000315724,0,0.00179353,1.42526e-06,1.605e-05,8.81369e-07
0.125299,0.268677,-1.32535e+06,58.4642,1393.03,0.690022,0.0126066,0,5.83788e-05,0.062965,0.00107899,0.000463207,0.000477722,0.0901046,6.60086e-05,0.0253461,0.11272,4.20926e-06,8.15275e-05,0.000107066,0.000121698,1.29008e-05,2.66177e-07,0.000751113,1.31933e-07,3.10993e-06,2.13244e-05,1.30314e-05,0.000813936,3.70598e-05,8.38854e-07,7.00535e-05,1.25142e-05,0.00031179,0,0.0017094,1.2985e-06,1.66547e-05,8.85036e-07
0.128817,0.270715,-1.35606e+06,59.1259,1401.83,0.689445,0.012596,0,5.91982e-05,0.0614143,0.0010915,0.000466895,0.000486136,0.0909397,6.50114e-05,0.0256157,0.113748,4.25717e-06,8.31467e-05,0.000108193,0.000120733,1.31789e-05,2.72504e-07,0.000762326,1.22804e-07,3.0201e-06,2.14966e-05,1.26198e-05,0.000832567,3.79111e-05,8.19492e-07,7.0512e-05,1.27982e-05,0.000309283,0,0.0016596,1.22152e-06,1.70364e-05,8.87075e-07
0.130454,0.272399,-1.36853e+06,59.415,1405.69,0.68919,0.0125914,0,5.95584e-05,0.0607334,0.00109696,0.000468472,0.00048988,0.0913066,6.4565e-05,0.0257345,0.114199,4.27816e-06,8.38707e-05,0.000108696,0.000120304,1.33029e-05,2.7533e-07,0.000767354,1.18843e-07,2.98029e-06,2.15757e-05,1.24376e-05,0.000840897,3.82916e-05,8.10849e-07,7.0714e-05,1.2925e-05,0.000308159,0,0.00163816,1.18789e-06,1.7207e-05,8.87919e-07
0.130029,0.273881,-1.361e+06,20.133,1556.61,0.689406,0.0125953,0,4.4266e-05,0.0503165,0.00141459,0.000460082,0.000425557,0.0941459,1.72187e-05,0.0166255,0.132804,4.55691e-07,4.7018e-05,3.91764e-05,2.10888e-05,1.61158e-05,0,0.000538201,0,1.53641e-07,1.43319e-05,2.87828e-06,0.000808555,3.5516e-05,0,1.8519e-05,9.46212e-06,1.12122e-05,0,0.000177188,0,4.27274e-06,0
0.127386,0.275172,-1.33186e+06,19.9427,1551.37,0.689821,0.0126029,0,4.38351e-05,0.0513304,0.00140621,0.000458963,0.00041937,0.0935969,1.73028e-05,0.0164265,0.132164,4.47319e-07,4.6127e-05,3.84338e-05,2.06917e-05,1.58556e-05,0,0.000527921,0,1.50679e-07,1.40515e-05,2.91846e-06,0.000794116,3.48647e-05,0,1.81692e-05,9.28437e-06,1.09953e-05,0,0.0001737,0,4.19052e-06,0
0.12241,0.276204,-1.27976e+06,19.5535,1540.53,0.690668,0.0126183,0,4.29525e-05,0.0534112,0.00138857,0.000456376,0.000406958,0.0924725,1.74745e-05,0.0160258,0.130843,4.30662e-07,4.4357e-05,3.69586e-05,1.99028e-05,1.53345e-05,0,0.000507507,0,1.44799e-07,1.34953e-05,2.99915e-06,0.000765352,3.35687e-05,0,1.74742e-05,8.93111e-06,1.05648e-05,0,0.000166783,0,4.0273e-06,0
0.1172,0.276258,-1.22521e+06,19.0989,1527.65,0.691656,0.0126364,0,4.19195e-05,0.055856,0.00136716,0.000452883,0.000392835,0.0911552,1.7674e-05,0.0155675,0.12928,4.11929e-07,4.23707e-05,3.53034e-05,1.90171e-05,1.47431e-05,0,0.000484612,0,1.38209e-07,1.28726e-05,3.09097e-06,0.00073295,3.21112e-05,0,1.66942e-05,8.53448e-06,1.00824e-05,0,0.000159042,0,3.84433e-06,0
0.111777,0.274876,-1.16843e+06,18.5692,1512.33,0.692808,0.0126574,0,4.07137e-05,0.058726,0.00134121,0.000448224,0.000376845,0.0896135,1.79037e-05,0.0150454,0.127429,3.90991e-07,4.0156e-05,3.34579e-05,1.80293e-05,1.40757e-05,0,0.000459102,0,1.3087e-07,1.218e-05,3.19475e-06,0.00069667,3.0482e-05,0,1.58244e-05,8.09198e-06,9.54544e-06,0,0.000150436,0,3.64056e-06,0
0.106153,0.271371,-1.10954e+06,17.953,1494.1,0.694149,0.0126819,0,3.93091e-05,0.0620966,0.00130978,0.00044207,0.000358815,0.0878088,1.81655e-05,0.0144527,0.125236,3.67723e-07,3.77013e-05,3.14125e-05,1.69338e-05,1.33261e-05,0,0.000430846,0,1.22747e-07,1.14143e-05,3.31122e-06,0.000656268,2.86714e-05,0,1.48601e-05,7.60117e-06,8.95131e-06,0,0.000140928,0,3.41498e-06,0
0.100336,0.265297,-1.04864e+06,17.2379,1472.36,0.69571,0.0127105,0,3.76769e-05,0.0660566,0.0012718,0.000434014,0.000338582,0.0856959,1.84597e-05,0.0137822,0.122636,3.42033e-07,3.49989e-05,2.91609e-05,1.57272e-05,1.24888e-05,0,0.000399763,0,1.13817e-07,1.05739e-05,3.44076e-06,0.000611561,2.66721e-05,0,1.37984e-05,7.06045e-06,8.29849e-06,0,0.000130497,0,3.167e-06,0
0.094335,0.256624,-985815,16.4111,1446.41,0.697525,0.0127436,0,3.57889e-05,0.0707052,0.00122604,0.000423575,0.000316032,0.0832248,1.8783e-05,0.013028,0.119553,3.13922e-07,3.20511e-05,2.6705e-05,1.44103e-05,1.15609e-05,0,0.000365886,0,1.04094e-07,9.66008e-06,3.58292e-06,0.000562515,2.44842e-05,0,1.26399e-05,6.47014e-06,7.5879e-06,0,0.000119163,0,2.89692e-06,0
0.088166,0.245543,-921224,15.4623,1415.51,0.699626,0.012782,0,3.36223e-05,0.0761436,0.00117129,0.000410217,0.000291162,0.0803448,1.91267e-05,0.0121873,0.115906,2.83552e-07,2.88772e-05,2.40609e-05,1.29915e-05,1.05445e-05,0,0.000329444,0,9.36449e-08,8.67972e-06,3.73577e-06,0.000509374,2.212e-05,0,1.13923e-05,5.83398e-06,6.8246e-06,0,0.000107013,0,2.60662e-06,0
0.081851,0.232324,-855103,14.3853,1378.87,0.702042,0.0128262,0,3.11649e-05,0.0824675,0.00110649,0.000393387,0.000264118,0.0770092,1.94734e-05,0.0112615,0.111618,2.51292e-07,2.55186e-05,2.12629e-05,1.1489e-05,9.44841e-06,0,0.000290918,0,8.26102e-08,7.64632e-06,3.89531e-06,0.000452744,1.96083e-05,0,1.00716e-05,5.16007e-06,6.01891e-06,0,9.42151e-05,0,2.29999e-06,0
0.075418,0.217275,-787748,13.181,1335.75,0.704794,0.0128764,0,2.8422e-05,0.0897551,0.00103092,0.000372589,0.00023525,0.0731808,1.97938e-05,0.0102582,0.106615,2.17757e-07,2.20417e-05,1.83665e-05,9.9322e-06,8.29022e-06,0,0.000251078,0,7.12134e-08,6.58113e-06,4.05466e-06,0.000393664,1.69967e-05,0,8.70377e-06,4.46162e-06,5.18716e-06,0,8.10348e-05,0,1.98322e-06,0
0.068901,0.200753,-719518,11.8603,1285.51,0.707888,0.012933,0,2.54231e-05,0.0980523,0.000944519,0.000347484,0.000205138,0.06884,2.00442e-05,0.00919276,0.100847,1.83818e-07,1.85386e-05,1.54485e-05,8.36214e-06,7.09695e-06,0,0.000210986,0,5.97605e-08,5.51303e-06,4.20352e-06,0.000333626,1.43529e-05,0,7.32499e-06,3.75701e-06,4.35173e-06,0,6.78308e-05,0,1.66479e-06,0
0.06234,0.183129,-650822,10.4465,1227.75,0.711314,0.0129956,0,2.22274e-05,0.107357,0.000848122,0.000318013,0.000174588,0.0639918,2.01648e-05,0.00808804,0.094293,1.50557e-07,1.51223e-05,1.26026e-05,6.82918e-06,5.90459e-06,0,0.000171934,0,4.86226e-08,4.47675e-06,4.3278e-06,0.000274512,1.1761e-05,0,5.9795e-06,3.06883e-06,3.53968e-06,0,5.50333e-05,0,1.35502e-06,0
0.055779,0.164783,-582123,8.97585,1162.4,0.715039,0.0130636,0,1.89237e-05,0.117608,0.00074367,0.000284517,0.000144577,0.0586712,2.0082e-05,0.00697353,0.0869746,1.1915e-07,1.19136e-05,9.92973e-06,5.38755e-06,4.75489e-06,0,0.000135306,0,3.81951e-08,3.50905e-06,4.41006e-06,0.000218402,9.31257e-06,0,4.71491e-06,2.42144e-06,2.7798e-06,0,4.3096e-05,0,1.06489e-06,0
0.049268,0.146085,-513948,7.49593,1089.81,0.719009,0.0131362,0,1.56269e-05,0.128677,0.000634287,0.000247827,0.000116153,0.052947,1.97144e-05,0.00588274,0.0789646,9.07325e-08,9.02701e-06,7.52496e-06,4.08864e-06,3.69076e-06,0,0.000102401,0,2.88467e-08,2.64389e-06,4.43062e-06,0.000167329,7.09597e-06,0,3.57623e-06,1.83796e-06,2.09889e-06,0,3.24364e-05,0,8.04666e-07,0
0.042863,0.127384,-446894,6.06158,1010.82,0.723148,0.0132118,0,1.24659e-05,0.140368,0.000524091,0.00020926,9.03e-05,0.0469209,1.89848e-05,0.00484916,0.0703907,6.62115e-08,6.5517e-06,5.46264e-06,2.97288e-06,2.74997e-06,0,7.42281e-05,0,2.08611e-08,1.90705e-06,4.36978e-06,0.000122962,5.18214e-06,0,2.59877e-06,1.3366e-06,1.51751e-06,0,2.33696e-05,0,5.82255e-07,0
0.036631,0.109007,-381643,4.72899,926.876,0.727361,0.0132888,0,9.56881e-06,0.152418,0.000417833,0.000170551,6.78009e-05,0.0407272,1.78383e-05,0.00390248,0.0614391,4.61389e-08,4.53889e-06,3.7854e-06,2.0638e-06,1.95961e-06,0,5.13557e-05,0,1.4395e-08,1.3123e-06,4.21111e-06,8.63655e-05,3.6143e-06,0,1.80295e-06,9.27996e-07,1.04695e-06,0,1.60615e-05,0,4.02048e-07,0
0.030646,0.091263,-318971,3.54673,839.909,0.731544,0.0133652,0,7.0412e-06,0.164517,0.000320165,0.000133601,4.91097e-05,0.0345216,1.62604e-05,0.00306412,0.0523412,3.06111e-08,2.99279e-06,2.49677e-06,1.36394e-06,1.33122e-06,0,3.38159e-05,0,9.45086e-09,8.59061e-07,3.94534e-06,5.78116e-05,2.40036e-06,0,1.19075e-06,6.13353e-07,6.87278e-07,0,1.05005e-05,0,2.6416e-07,0
0.024989,0.074449,-259745,2.54883,752.344,0.735587,0.0134391,0,4.95027e-06,0.176327,0.000234935,0.000100191,3.4306e-05,0.0284735,1.4294e-05,0.00234535,0.0433624,1.92965e-08,1.87451e-06,1.56445e-06,8.56463e-07,8.60032e-07,0,2.11512e-05,0,5.8925e-09,5.33998e-07,3.5741e-06,3.68048e-05,1.51487e-06,0,7.47202e-07,3.85158e-07,4.2849e-07,0,6.51831e-06,0,1.64839e-07,0
0.019752,0.05886,-204910,1.75141,667.138,0.739373,0.0135082,0,3.31848e-06,0.187479,0.000164689,7.17268e-05,2.31442e-05,0.0227672,1.20497e-05,0.00174862,0.0348015,1.15589e-08,1.11557e-06,9.31473e-07,5.11095e-07,5.28167e-07,0,1.25706e-05,0,3.49016e-09,3.15327e-07,3.1137e-06,2.22851e-05,9.08573e-07,0,4.45585e-07,2.29838e-07,2.53807e-07,0,3.84377e-06,0,9.77229e-08,0
0.01503,0.044796,-155471,1.15151,587.744,0.74278,0.0135705,0,2.12351e-06,0.197585,0.00011033,4.90175e-05,1.514e-05,0.0175986,9.7035e-06,0.00126974,0.0269816,6.60599e-09,6.3349e-07,5.29221e-07,2.91057e-07,3.09359e-07,0,7.12921e-06,0,1.97244e-09,1.77673e-07,2.59749e-06,1.28828e-05,5.1996e-07,0,2.5358e-07,1.30876e-07,1.43456e-07,0,2.16287e-06,0,5.52796e-08,0
0.010921,0.032553,-112452,0.722989,515.867,0.745768,0.0136251,0,1.29573e-06,0.206497,7.04745e-05,3.18882e-05,9.60346e-06,0.013041,7.4025e-06,0.000892382,0.0200402,3.61287e-09,3.4437e-07,2.87847e-07,1.58671e-07,1.7318e-07,0,3.87099e-06,0,1.06725e-09,9.58663e-08,2.05476e-06,7.12896e-06,2.84764e-07,0,1.38153e-07,7.13376e-08,7.76381e-08,0,1.16551e-06,0,2.99392e-08,0
0.007512,0.022393,-76759.2,0.444581,457.336,0.748141,0.0136684,0,7.744e-07,0.2136,4.40022e-05,2.02328e-05,6.05073e-06,0.00940695,5.43892e-06,0.000617158,0.0144802,1.95227e-09,1.85078e-07,1.54786e-07,8.5506e-08,9.55646e-08,0,2.07836e-06,0,5.71142e-10,5.11745e-08,1.56323e-06,3.89655e-06,1.54082e-07,0,7.44073e-08,3.84358e-08,4.1559e-08,0,6.21451e-07,0,1.60363e-08,0
0.004854,0.01447,-48930.1,0.271478,411.552,0.749959,0.0137016,0,4.60635e-07,0.219054,2.72149e-05,1.26813e-05,3.81891e-06,0.00661551,3.8641e-06,0.000420699,0.0101952,1.06504e-09,1.0051e-07,8.4102e-08,4.65448e-08,5.30606e-08,0,1.1278e-06,0,3.0904e-10,2.76324e-08,1.1449e-06,2.14778e-06,8.41567e-08,0,4.04846e-08,2.09183e-08,2.24935e-08,0,3.35241e-07,0,8.68387e-09,0
0.002934,0.008746,-28823.3,0.165276,376.433,0.751329,0.0137267,0,2.74398e-07,0.223174,1.6733e-05,7.87631e-06,2.40474e-06,0.00450639,2.64494e-06,0.000280528,0.00695005,5.9281e-10,5.5751e-08,4.66692e-08,2.58659e-08,2.99372e-08,0,6.25202e-07,0,1.70933e-10,1.52595e-08,8.02485e-07,1.20563e-06,4.68872e-08,0,2.24902e-08,1.16226e-08,1.24444e-08,0,1.84995e-07,0,4.8061e-09,0
0.001659,0.004946,-15479,0.0984664,349.504,0.752367,0.0137456,0,1.6088e-07,0.226296,1.00384e-05,4.75827e-06,1.47307e-06,0.00290749,1.7099e-06,0.00017857,0.0044862,3.31261e-10,3.10785e-08,2.60238e-08,1.44382e-08,1.68877e-08,0,3.48384e-07,0,9.50968e-11,8.48012e-09,5.27421e-07,6.77887e-07,2.62184e-08,0,1.25509e-08,6.48679e-09,6.92468e-09,0,1.02755e-07,0,2.675e-09,0
0.000882,0.002631,-7345.65,0.0558541,329.607,0.753127,0.0137595,0,9.03077e-08,0.228584,5.71922e-06,2.72286e-06,8.51845e-07,0.00173485,1.02101e-06,0.000105709,0.00267754,1.80344e-10,1.6894e-08,1.41491e-08,7.85523e-09,9.24889e-09,0,1.89334e-07,0,5.16285e-11,4.60072e-09,3.18196e-07,3.70545e-07,1.42801e-08,0,6.8274e-09,3.52885e-09,3.75992e-09,0,5.57301e-08,0,1.45268e-09,0
0.000444,0.001325,-2758.76,0.0296532,316.205,0.753636,0.0137688,0,4.76507e-08,0.230119,3.04406e-06,1.45289e-06,4.57562e-07,0.000948329,5.58257e-07,5.75326e-05,0.00146385,9.34853e-11,8.74979e-09,7.329e-09,4.07042e-09,4.81086e-09,0,9.80467e-08,0,2.672e-11,2.38013e-09,1.75007e-07,1.92536e-07,7.40431e-09,0,3.53751e-09,1.82847e-09,1.94607e-09,0,2.88261e-08,0,7.51949e-10,0
0.000213,0.000636,-338.978,0.0147237,308.178,0.75394,0.0137743,0,2.35816e-08,0.231037,1.51352e-06,7.23347e-07,2.28654e-07,0.000478276,2.81572e-07,2.895e-05,0.000738324,4.5827e-11,4.2872e-09,3.59127e-09,1.99495e-09,2.36263e-09,0,4.80373e-08,0,1.30871e-11,1.16551e-09,8.8546e-08,9.45033e-08,3.63014e-09,0,1.73369e-09,8.96123e-10,9.53201e-10,0,1.41143e-08,0,3.68327e-10,0
9.8e-05,0.000292,867.388,0.00690471,303.867,0.754104,0.0137773,0,1.10401e-08,0.231529,7.10251e-07,3.39672e-07,1.07577e-07,0.000226048,1.33084e-07,1.36673e-05,0.000348967,2.13527e-11,1.99712e-09,1.67298e-09,9.29435e-10,1.10186e-09,0,2.23765e-08,0,6.09518e-12,5.42768e-10,4.19162e-08,4.40613e-08,1.69155e-09,0,8.07697e-10,4.17492e-10,4.43954e-10,0,6.57259e-09,0,1.71552e-10,0
4.3e-05,0.000129,1440.2,0.0030589,301.72,0.754185,0.0137788,0,4.88702e-09,0.231774,3.14755e-07,1.50577e-07,4.77332e-08,0.000100519,5.91802e-08,6.07434e-06,0.000155181,9.43033e-12,8.81921e-10,7.38796e-10,4.10462e-10,4.86845e-10,0,9.88124e-09,0,2.69136e-12,2.3965e-10,1.86534e-08,1.94656e-08,7.4709e-10,0,3.56696e-10,1.84374e-10,1.96032e-10,0,2.90195e-09,0,7.57515e-11,0
1.8e-05,5.5e-05,1700.64,0.00128622,300.724,0.754223,0.0137795,0,2.05417e-09,0.231887,1.32369e-07,6.33342e-08,2.00855e-08,4.23389e-05,2.4927e-08,2.55791e-06,6.53634e-05,3.95973e-12,3.70294e-10,3.10202e-10,1.72347e-10,2.04464e-10,0,4.14882e-09,0,1.12998e-12,1.00616e-10,7.85959e-09,8.17462e-09,3.13703e-10,0,1.4977e-10,7.74154e-11,8.23053e-11,0,1.21835e-09,0,3.18049e-11,0
8e-06,2.3e-05,1814.43,0.000572691,300.323,0.754238,0.0137798,0,9.14484e-10,0.231933,5.89411e-08,2.82029e-08,8.94565e-09,1.88643e-05,1.11064e-08,1.13958e-06,2.91231e-05,1.76208e-12,1.64777e-10,1.38037e-10,7.66935e-11,9.09936e-11,0,1.84618e-09,0,5.02821e-13,4.47719e-11,3.50236e-09,3.63791e-09,1.39598e-10,0,6.66469e-11,3.44495e-11,3.66245e-11,0,5.42139e-10,0,1.41527e-11,0
3e-06,9e-06,1862.32,0,300.065,0.754248,0.01378,0,0,0.231963,0,0,0,4e-06,0,0,5e-06,0,0,0,0,0,0,0,0,0,0,0,0,0,0,0,0,0,0,0,0,0,0
1e-06,3e-06,1881.78,0,300.025,0.754249,0.01378,0,0,0.231967,0,0,0,1e-06,0,0,2e-06,0,0,0,0,0,0,0,0,0,0,0,0,0,0,0,0,0,0,0,0,0,0
0,1e-06,1889.42,0,300.009,0.75425,0.01378,0,0,0.231969,0,0,0,1e-06,0,0,1e-06,0,0,0,0,0,0,0,0,0,0,0,0,0,0,0,0,0,0,0,0,0,0
0,0,1892.33,0,300.003,0.75425,0.01378,0,0,0.23197,0,0,0,0,0,0,0,0,0,0,0,0,0,0,0,0,0,0,0,0,0,0,0,0,0,0,0,0,0
0,0,1893.4,0,300.001,0.75425,0.01378,0,0,0.23197,0,0,0,0,0,0,0,0,0,0,0,0,0,0,0,0,0,0,0,0,0,0,0,0,0,0,0,0,0
-0,0,1893.78,0,300,0.75425,0.01378,0,0,0.23197,0,0,0,0,0,0,0,0,0,0,0,0,0,0,0,0,0,0,0,0,0,0,0,0,0,0,0,0,0
-0,0,1893.92,0,300,0.75425,0.01378,0,0,0.23197,0,0,0,0,0,0,0,0,0,0,0,0,0,0,0,0,0,0,0,0,0,0,0,0,0,0,0,0,0
-0,0,1893.95,0,300,0.75425,0.01378,0,0,0.23197,0,0,0,0,0,0,0,0,0,0,0,0,0,0,0,0,0,0,0,0,0,0,0,0,0,0,0,0,0
-0,0,1893.97,0,300,0.75425,0.01378,0,0,0.23197,0,0,0,0,0,0,0,0,0,0,0,0,0,0,0,0,0,0,0,0,0,0,0,0,0,0,0,0,0
-0,0,1893.97,0,300,0.75425,0.01378,0,0,0.23197,0,0,0,0,0,0,0,0,0,0,0,0,0,0,0,0,0,0,0,0,0,0,0,0,0,0,0,0,0
-0,0,1893.98,0,300,0.75425,0.01378,0,0,0.23197,0,0,0,0,0,0,0,0,0,0,0,0,0,0,0,0,0,0,0,0,0,0,0,0,0,0,0,0,0
-0,0,1893.98,0,300,0.75425,0.01378,0,0,0.23197,0,0,0,0,0,0,0,0,0,0,0,0,0,0,0,0,0,0,0,0,0,0,0,0,0,0,0,0,0
-0,0,1893.98,-0,300,0.75425,0.01378,0,0,0.23197,0,0,0,0,0,0,0,0,0,0,0,0,0,0,0,0,0,0,0,0,0,0,0,0,0,0,0,0,0
-0,0,1893.98,-0,300,0.75425,0.01378,0,0,0.23197,0,0,0,0,0,0,0,0,0,0,0,0,0,0,0,0,0,0,0,0,0,0,0,0,0,0,0,0,0
-0,0,1893.98,0,300,0.75425,0.01378,0,0,0.23197,0,0,0,0,0,0,0,0,0,0,0,0,0,0,0,0,0,0,0,0,0,0,0,0,0,0,0,0,0
-0,0,1893.98,0,300,0.75425,0.01378,0,0,0.23197,0,0,0,0,0,0,0,0,0,0,0,0,0,0,0,0,0,0,0,0,0,0,0,0,0,0,0,0,0
-0,0,1893.98,0,300,0.75425,0.01378,0,0,0.23197,0,0,0,0,0,0,0,0,0,0,0,0,0,0,0,0,0,0,0,0,0,0,0,0,0,0,0,0,0
-0,0,1893.98,0,300,0.75425,0.01378,0,0,0.23197,0,0,0,0,0,0,0,0,0,0,0,0,0,0,0,0,0,0,0,0,0,0,0,0,0,0,0,0,0
-0,0,1893.98,0,300,0.75425,0.01378,0,0,0.23197,0,0,0,0,0,0,0,0,0,0,0,0,0,0,0,0,0,0,0,0,0,0,0,0,0,0,0,0,0
-0,0,1893.98,0,300,0.75425,0.01378,0,0,0.23197,0,0,0,0,0,0,0,0,0,0,0,0,0,0,0,0,0,0,0,0,0,0,0,0,0,0,0,0,0
-0,0,1893.98,0,300,0.75425,0.01378,0,0,0.23197,0,0,0,0,0,0,0,0,0,0,0,0,0,0,0,0,0,0,0,0,0,0,0,0,0,0,0,0,0
-0,0,1893.98,0,300,0.75425,0.01378,0,0,0.23197,0,0,0,0,0,0,0,0,0,0,0,0,0,0,0,0,0,0,0,0,0,0,0,0,0,0,0,0,0
-0,0,1893.98,0,300,0.75425,0.01378,0,0,0.23197,0,0,0,0,0,0,0,0,0,0,0,0,0,0,0,0,0,0,0,0,0,0,0,0,0,0,0,0,0
-0,0,1893.98,0,300,0.75425,0.01378,0,0,0.23197,0,0,0,0,0,0,0,0,0,0,0,0,0,0,0,0,0,0,0,0,0,0,0,0,0,0,0,0,0
-0,0,1893.98,0,300,0.75425,0.01378,0,0,0.23197,0,0,0,0,0,0,0,0,0,0,0,0,0,0,0,0,0,0,0,0,0,0,0,0,0,0,0,0,0
-0,0,1893.98,0,300,0.75425,0.01378,0,0,0.23197,0,0,0,0,0,0,0,0,0,0,0,0,0,0,0,0,0,0,0,0,0,0,0,0,0,0,0,0,0
-0,0,1893.98,0,300,0.75425,0.01378,0,0,0.23197,0,0,0,0,0,0,0,0,0,0,0,0,0,0,0,0,0,0,0,0,0,0,0,0,0,0,0,0,0
-0,0,1893.98,0,300,0.75425,0.01378,0,0,0.23197,0,0,0,0,0,0,0,0,0,0,0,0,0,0,0,0,0,0,0,0,0,0,0,0,0,0,0,0,0
-0,0,1893.98,0,300,0.75425,0.01378,0,0,0.23197,0,0,0,0,0,0,0,0,0,0,0,0,0,0,0,0,0,0,0,0,0,0,0,0,0,0,0,0,0
-0,0,1893.98,0,300,0.75425,0.01378,0,0,0.23197,0,0,0,0,0,0,0,0,0,0,0,0,0,0,0,0,0,0,0,0,0,0,0,0,0,0,0,0,0
-0,0,1893.98,0,300,0.75425,0.01378,0,0,0.23197,0,0,0,0,0,0,0,0,0,0,0,0,0,0,0,0,0,0,0,0,0,0,0,0,0,0,0,0,0
-0,0,1893.98,0,300,0.75425,0.01378,0,0,0.23197,0,0,0,0,0,0,0,0,0,0,0,0,0,0,0,0,0,0,0,0,0,0,0,0,0,0,0,0,0
-0,0,1893.98,0,300,0.75425,0.01378,0,0,0.23197,0,0,0,0,0,0,0,0,0,0,0,0,0,0,0,0,0,0,0,0,0,0,0,0,0,0,0,0,0
-0,0,1893.98,0,300,0.75425,0.01378,0,0,0.23197,0,0,0,0,0,0,0,0,0,0,0,0,0,0,0,0,0,0,0,0,0,0,0,0,0,0,0,0,0
-0,0,1893.98,0,300,0.75425,0.01378,0,0,0.23197,0,0,0,0,0,0,0,0,0,0,0,0,0,0,0,0,0,0,0,0,0,0,0,0,0,0,0,0,0
-0,0,1893.98,0,300,0.75425,0.01378,0,0,0.23197,0,0,0,0,0,0,0,0,0,0,0,0,0,0,0,0,0,0,0,0,0,0,0,0,0,0,0,0,0
-0,0,1893.98,0,300,0.75425,0.01378,0,0,0.23197,0,0,0,0,0,0,0,0,0,0,0,0,0,0,0,0,0,0,0,0,0,0,0,0,0,0,0,0,0
-0,0,1893.98,0,300,0.75425,0.01378,0,0,0.23197,0,0,0,0,0,0,0,0,0,0,0,0,0,0,0,0,0,0,0,0,0,0,0,0,0,0,0,0,0
-0,0,1893.98,0,300,0.75425,0.01378,0,0,0.23197,0,0,0,0,0,0,0,0,0,0,0,0,0,0,0,0,0,0,0,0,0,0,0,0,0,0,0,0,0
-0,0,1893.98,0,300,0.75425,0.01378,0,0,0.23197,0,0,0,0,0,0,0,0,0,0,0,0,0,0,0,0,0,0,0,0,0,0,0,0,0,0,0,0,0
-0,0,1893.98,0,300,0.75425,0.01378,0,0,0.23197,0,0,0,0,0,0,0,0,0,0,0,0,0,0,0,0,0,0,0,0,0,0,0,0,0,0,0,0,0
-0,0,1893.98,0,300,0.75425,0.01378,0,0,0.23197,0,0,0,0,0,0,0,0,0,0,0,0,0,0,0,0,0,0,0,0,0,0,0,0,0,0,0,0,0
-0,0,1893.98,0,300,0.75425,0.01378,0,0,0.23197,0,0,0,0,0,0,0,0,0,0,0,0,0,0,0,0,0,0,0,0,0,0,0,0,0,0,0,0,0
-0,0,1893.98,0,300,0.75425,0.01378,0,0,0.23197,0,0,0,0,0,0,0,0,0,0,0,0,0,0,0,0,0,0,0,0,0,0,0,0,0,0,0,0,0
-0,0,1893.98,0,300,0.75425,0.01378,0,0,0.23197,0,0,0,0,0,0,0,0,0,0,0,0,0,0,0,0,0,0,0,0,0,0,0,0,0,0,0,0,0
-0,0,1893.98,0,300,0.75425,0.01378,0,0,0.23197,0,0,0,0,0,0,0,0,0,0,0,0,0,0,0,0,0,0,0,0,0,0,0,0,0,0,0,0,0
-0,0,1893.98,0,300,0.75425,0.01378,0,0,0.23197,0,0,0,0,0,0,0,0,0,0,0,0,0,0,0,0,0,0,0,0,0,0,0,0,0,0,0,0,0
-0,0,1893.98,0,300,0.75425,0.01378,0,0,0.23197,0,0,0,0,0,0,0,0,0,0,0,0,0,0,0,0,0,0,0,0,0,0,0,0,0,0,0,0,0
-0,0,1893.98,0,300,0.75425,0.01378,0,0,0.23197,0,0,0,0,0,0,0,0,0,0,0,0,0,0,0,0,0,0,0,0,0,0,0,0,0,0,0,0,0
-0,0,1893.98,0,300,0.75425,0.01378,0,0,0.23197,0,0,0,0,0,0,0,0,0,0,0,0,0,0,0,0,0,0,0,0,0,0,0,0,0,0,0,0,0
-0,0,1893.98,0,300,0.75425,0.01378,0,0,0.23197,0,0,0,0,0,0,0,0,0,0,0,0,0,0,0,0,0,0,0,0,0,0,0,0,0,0,0,0,0
-0,0,1893.98,0,300,0.75425,0.01378,0,0,0.23197,0,0,0,0,0,0,0,0,0,0,0,0,0,0,0,0,0,0,0,0,0,0,0,0,0,0,0,0,0
-0,0,1893.98,0,300,0.75425,0.01378,0,0,0.23197,0,0,0,0,0,0,0,0,0,0,0,0,0,0,0,0,0,0,0,0,0,0,0,0,0,0,0,0,0
-0,0,1893.98,0,300,0.75425,0.01378,0,0,0.23197,0,0,0,0,0,0,0,0,0,0,0,0,0,0,0,0,0,0,0,0,0,0,0,0,0,0,0,0,0
-0,0,1893.98,0,300,0.75425,0.01378,0,0,0.23197,0,0,0,0,0,0,0,0,0,0,0,0,0,0,0,0,0,0,0,0,0,0,0,0,0,0,0,0,0
-0,0,1893.98,0,300,0.75425,0.01378,0,0,0.23197,0,0,0,0,0,0,0,0,0,0,0,0,0,0,0,0,0,0,0,0,0,0,0,0,0,0,0,0,0
-0,0,1893.98,0,300,0.75425,0.01378,0,0,0.23197,0,0,0,0,0,0,0,0,0,0,0,0,0,0,0,0,0,0,0,0,0,0,0,0,0,0,0,0,0
-0,0,1893.98,0,300,0.75425,0.01378,0,0,0.23197,0,0,0,0,0,0,0,0,0,0,0,0,0,0,0,0,0,0,0,0,0,0,0,0,0,0,0,0,0
-0,0,1893.98,0,300,0.75425,0.01378,0,0,0.23197,0,0,0,0,0,0,0,0,0,0,0,0,0,0,0,0,0,0,0,0,0,0,0,0,0,0,0,0,0
-0,0,1893.98,0,300,0.75425,0.01378,0,0,0.23197,0,0,0,0,0,0,0,0,0,0,0,0,0,0,0,0,0,0,0,0,0,0,0,0,0,0,0,0,0
-0,0,1893.98,0,300,0.75425,0.01378,0,0,0.23197,0,0,0,0,0,0,0,0,0,0,0,0,0,0,0,0,0,0,0,0,0,0,0,0,0,0,0,0,0
-0,0,1893.98,0,300,0.75425,0.01378,0,0,0.23197,0,0,0,0,0,0,0,0,0,0,0,0,0,0,0,0,0,0,0,0,0,0,0,0,0,0,0,0,0
-0,0,1893.98,0,300,0.75425,0.01378,0,0,0.23197,0,0,0,0,0,0,0,0,0,0,0,0,0,0,0,0,0,0,0,0,0,0,0,0,0,0,0,0,0
-0,0,1893.98,0,300,0.75425,0.01378,0,0,0.23197,0,0,0,0,0,0,0,0,0,0,0,0,0,0,0,0,0,0,0,0,0,0,0,0,0,0,0,0,0
-0,0,1893.98,0,300,0.75425,0.01378,0,0,0.23197,0,0,0,0,0,0,0,0,0,0,0,0,0,0,0,0,0,0,0,0,0,0,0,0,0,0,0,0,0
-0,0,1893.98,0,300,0.75425,0.01378,0,0,0.23197,0,0,0,0,0,0,0,0,0,0,0,0,0,0,0,0,0,0,0,0,0,0,0,0,0,0,0,0,0
-0,0,1893.98,0,300,0.75425,0.01378,0,0,0.23197,0,0,0,0,0,0,0,0,0,0,0,0,0,0,0,0,0,0,0,0,0,0,0,0,0,0,0,0,0
-0,0,1893.98,0,300,0.75425,0.01378,0,0,0.23197,0,0,0,0,0,0,0,0,0,0,0,0,0,0,0,0,0,0,0,0,0,0,0,0,0,0,0,0,0
-0,0,1893.98,0,300,0.75425,0.01378,0,0,0.23197,0,0,0,0,0,0,0,0,0,0,0,0,0,0,0,0,0,0,0,0,0,0,0,0,0,0,0,0,0
-0,0,1893.98,0,300,0.75425,0.01378,0,0,0.23197,0,0,0,0,0,0,0,0,0,0,0,0,0,0,0,0,0,0,0,0,0,0,0,0,0,0,0,0,0
-0,0,1893.98,0,300,0.75425,0.01378,0,0,0.23197,0,0,0,0,0,0,0,0,0,0,0,0,0,0,0,0,0,0,0,0,0,0,0,0,0,0,0,0,0
-0,0,1893.98,0,300,0.75425,0.01378,0,0,0.23197,0,0,0,0,0,0,0,0,0,0,0,0,0,0,0,0,0,0,0,0,0,0,0,0,0,0,0,0,0
-0,0,1893.98,0,300,0.75425,0.01378,0,0,0.23197,0,0,0,0,0,0,0,0,0,0,0,0,0,0,0,0,0,0,0,0,0,0,0,0,0,0,0,0,0
-0,0,1893.98,0,300,0.75425,0.01378,0,0,0.23197,0,0,0,0,0,0,0,0,0,0,0,0,0,0,0,0,0,0,0,0,0,0,0,0,0,0,0,0,0
-0,0,1893.98,0,300,0.75425,0.01378,0,0,0.23197,0,0,0,0,0,0,0,0,0,0,0,0,0,0,0,0,0,0,0,0,0,0,0,0,0,0,0,0,0
-0,0,1893.98,0,300,0.75425,0.01378,0,0,0.23197,0,0,0,0,0,0,0,0,0,0,0,0,0,0,0,0,0,0,0,0,0,0,0,0,0,0,0,0,0
-0,0,1893.98,0,300,0.75425,0.01378,0,0,0.23197,0,0,0,0,0,0,0,0,0,0,0,0,0,0,0,0,0,0,0,0,0,0,0,0,0,0,0,0,0
-0,0,1893.98,0,300,0.75425,0.01378,0,0,0.23197,0,0,0,0,0,0,0,0,0,0,0,0,0,0,0,0,0,0,0,0,0,0,0,0,0,0,0,0,0
-0,0,1893.98,0,300,0.75425,0.01378,0,0,0.23197,0,0,0,0,0,0,0,0,0,0,0,0,0,0,0,0,0,0,0,0,0,0,0,0,0,0,0,0,0
-0,0,1893.98,0,300,0.75425,0.01378,0,0,0.23197,0,0,0,0,0,0,0,0,0,0,0,0,0,0,0,0,0,0,0,0,0,0,0,0,0,0,0,0,0
-0,0,1893.98,0,300,0.75425,0.01378,0,0,0.23197,0,0,0,0,0,0,0,0,0,0,0,0,0,0,0,0,0,0,0,0,0,0,0,0,0,0,0,0,0
-0,0,1893.98,0,300,0.75425,0.01378,0,0,0.23197,0,0,0,0,0,0,0,0,0,0,0,0,0,0,0,0,0,0,0,0,0,0,0,0,0,0,0,0,0
-0,0,1893.98,0,300,0.75425,0.01378,0,0,0.23197,0,0,0,0,0,0,0,0,0,0,0,0,0,0,0,0,0,0,0,0,0,0,0,0,0,0,0,0,0
-0,0,1893.98,0,300,0.75425,0.01378,0,0,0.23197,0,0,0,0,0,0,0,0,0,0,0,0,0,0,0,0,0,0,0,0,0,0,0,0,0,0,0,0,0
-0,0,1893.98,0,300,0.75425,0.01378,0,0,0.23197,0,0,0,0,0,0,0,0,0,0,0,0,0,0,0,0,0,0,0,0,0,0,0,0,0,0,0,0,0
-0,0,1893.98,0,300,0.75425,0.01378,0,0,0.23197,0,0,0,0,0,0,0,0,0,0,0,0,0,0,0,0,0,0,0,0,0,0,0,0,0,0,0,0,0
-0,0,1893.98,0,300,0.75425,0.01378,0,0,0.23197,0,0,0,0,0,0,0,0,0,0,0,0,0,0,0,0,0,0,0,0,0,0,0,0,0,0,0,0,0
-0,0,1893.98,0,300,0.75425,0.01378,0,0,0.23197,0,0,0,0,0,0,0,0,0,0,0,0,0,0,0,0,0,0,0,0,0,0,0,0,0,0,0,0,0
-0,0,1893.98,0,300,0.75425,0.01378,0,0,0.23197,0,0,0,0,0,0,0,0,0,0,0,0,0,0,0,0,0,0,0,0,0,0,0,0,0,0,0,0,0
-0,0,1893.98,0,300,0.75425,0.01378,0,0,0.23197,0,0,0,0,0,0,0,0,0,0,0,0,0,0,0,0,0,0,0,0,0,0,0,0,0,0,0,0,0
-0,0,1893.98,0,300,0.75425,0.01378,0,0,0.23197,0,0,0,0,0,0,0,0,0,0,0,0,0,0,0,0,0,0,0,0,0,0,0,0,0,0,0,0,0
-0,0,1893.98,0,300,0.75425,0.01378,0,0,0.23197,0,0,0,0,0,0,0,0,0,0,0,0,0,0,0,0,0,0,0,0,0,0,0,0,0,0,0,0,0
-0,0,1893.98,0,300,0.75425,0.01378,0,0,0.23197,0,0,0,0,0,0,0,0,0,0,0,0,0,0,0,0,0,0,0,0,0,0,0,0,0,0,0,0,0
-0,0,1893.98,0,300,0.75425,0.01378,0,0,0.23197,0,0,0,0,0,0,0,0,0,0,0,0,0,0,0,0,0,0,0,0,0,0,0,0,0,0,0,0,0
-0,0,1893.98,0,300,0.75425,0.01378,0,0,0.23197,0,0,0,0,0,0,0,0,0,0,0,0,0,0,0,0,0,0,0,0,0,0,0,0,0,0,0,0,0
